t,x,y,z,pid
1740190783,5.611704130927073,4.011557062397292,-3.439540538670098,2
1740190843,-1.511958817874415,10.22660540632304,-5.500806903810182,2
1740190903,-0.9571633416972606,11.886756075835427,-5.335309614147196,2
1740190963,0.373179558962188,13.277948416885378,-5.2277753198031105,2
1740191023,0.5666477683872383,14.275471773790438,-6.603844128930715,2
1740191083,-3.082792432121048,14.802168483104664,-3.978400475454306,2
1740191143,-3.0189368493399855,15.740817046018353,-3.6494493945308246,2
1740191210,2.109204747958816,15.552552849572857,-6.125879184270515,2
1740191270,0.740081647530789,15.35061705863307,-5.013763556678266,2
1740191331,0.0,0.0,0.0,2
1740192416,0.0,0.0,0.0,2
1740192476,7.417930878888187,23.05820256857752,-1.2351467251809307,2
1740192536,0.3912092199210138,22.46612080869199,-2.851301890531822,2
1740192597,0.0,0.0,0.0,2
1740192657,-4.494935273770308,23.49308295953833,-2.236287484422591,2
1740192717,0.0,0.0,0.0,2
1740192777,-2.848694276606385,8.387778631171654,-5.27382908787427,2
1740192837,0.44968981986370177,2.553770350517753,-4.354793782843227,2
1740193700,-0.34622575147771983,1.6605587591142665,-3.295642562254219,2
1740194175,0.0,0.0,0.0,2
1740196197,6.982257502114978,9.507325274012008,-6.6046785755372115,2
1740196257,0.8521996731399692,2.5985830825353156,-5.3193789250007475,2
1740196440,0.4031999655935685,1.8404964017360532,-5.402727347667222,2
1740196753,1.3248143533698076,3.7184747883760947,-1.9581518544146093,2
1740196813,4.870915026405092,7.3610512296022454,-2.3035908600088923,2
1740196874,2.6468350023074527,12.850562568123948,-2.3256561379286906,2
1740196934,0.0,0.0,0.0,2
1740196994,2.489371782555212,19.081698202698135,-4.0785881402088835,2
1740197054,-0.7625186254859244,18.46532904555231,-2.769623788586446,2
1740197114,-1.2385354099510968,17.359865076435167,-2.221977113939476,2
1740197174,-0.3031236872381351,2.5902998252137883,-1.996563353626956,2
1740197281,1.0039407333117134,3.936713157179499,-2.5647944793565243,2
1740197341,0.9505773797078667,3.507477467207121,-2.3433127075050235,2
1740197401,0.2975720481141029,3.609624436607741,-2.2222102175663743,2
1740197461,1.1160172855895711,3.3356729084058916,-1.9260113428234211,2
1740197521,0.9987079723929364,3.49986125650689,-1.8986286753497605,2
1740197581,0.9384456603316012,3.4499337684209657,-2.374025372775928,2
1740197641,1.3494830834155196,3.293076290856069,-2.4180009445847572,2
1740197701,-0.580523061246299,3.4369241258958887,-1.9358284022949912,2
1740197761,-1.2354107457351238,3.5632539997043726,-2.145039521342489,2
1740197934,-0.7600761106043135,3.689515465139709,-1.928418587393037,2
1740197994,1.2643629053716436,3.3701217197964186,-1.6927000714617142,2
1740198054,1.4924068063419922,3.3240145464346407,-2.6350527494414115,2
1740198216,0.9094358102121098,3.049653047784905,-2.4507510887486412,2
1740198333,0.0,0.0,0.0,2
1740198420,-0.8987667911352157,2.8301541603368396,-2.227580421320444,2
1740198480,-1.0763384163931704,2.88354965182279,-2.194632437190899,2
1740198640,0.9650687950578476,3.20018497044321,-2.728803678561891,2
1740198700,1.30655823222971,3.8249458198488884,-2.6522754345883865,2
1740198760,6.439914706509474,4.265632477404275,-2.6175007902822323,2
1740198820,2.1911740281739416,4.384137162029548,-2.7095116527535996,2
1740198880,0.0,0.0,0.0,2
1740198940,2.88958999755177,2.1406959567539494,-2.340479983112404,2
1740199000,0.8306832087079732,2.859978552552882,-2.1164398705993053,2
1740199230,1.640545277240923,3.100371336918336,-3.0575493623857053,2
1740199293,2.2643696357247385,3.0521831590479422,-2.5173655432562767,2
1740199353,2.7881951224678754,4.719415953729045,-2.3766431753175907,2
1740199413,0.0,0.0,0.0,2
1740199473,0.0,0.0,0.0,2
1740199533,0.0,0.0,0.0,2
1740199594,0.0,0.0,0.0,2
1740199654,0.0,0.0,0.0,2
1740199718,0.0,0.0,0.0,2
1740199779,0.0,0.0,0.0,2
1740199840,0.0,0.0,0.0,2
1740199900,0.0,0.0,0.0,2
1740199960,0.0,0.0,0.0,2
1740200033,0.04256454860976566,22.09129255379174,-4.824213180304813,2
1740200093,1.413032758188315,4.277399666236043,-3.0141857756543793,2
1740200154,2.65222439683797,1.556048518543045,-2.3306121666418234,2
1740200214,2.9292725183920294,3.0008494281344245,-3.9076637465941224,2
1740200275,2.980249156602621,2.296668295361722,-3.816534008026185,2
1740200335,2.8566623315980757,2.993744832447002,-2.7677923713910526,2
1740200592,0.3444507410268591,2.6785284209935103,-5.4595880799536065,2
1740200652,-0.16762129821369198,3.2007696712977713,-5.243777993276659,2
1740200762,0.9538197100534151,3.8468261343561108,-4.309573512532845,2
1740200822,0.8565047673210121,7.157114064970031,-4.8401371861855065,2
1740200882,4.751173965449301,7.169138025008633,-4.85481798955292,2
1740200942,4.6853096270687145,11.49571264100225,-4.518174936259655,2
1740201002,0.0,0.0,0.0,0
1740383742,0.0,0.0,0.0,1
1740383750,0.0,0.0,0.0,0
1740383807,0.0,0.0,0.0,1
1740383815,0.0,0.0,0.0,0
1740383871,0.0,0.0,0.0,1
1740383879,0.0,0.0,0.0,0
1740383936,0.0,0.0,0.0,1
1740383944,0.0,0.0,0.0,0
1740384000,0.0,0.0,0.0,1
1740384009,0.0,0.0,0.0,0
1740384065,0.0,0.0,0.0,1
1740384073,0.0,0.0,0.0,0
1740384130,0.0,0.0,0.0,1
1740384138,0.0,0.0,0.0,0
1740384194,0.0,0.0,0.0,1
1740384202,0.0,0.0,0.0,0
1740384259,0.0,0.0,0.0,1
1740384267,0.0,0.0,0.0,0
1740384323,0.0,0.0,0.0,1
1740384331,0.0,0.0,0.0,0
1740384388,0.0,0.0,0.0,1
1740384396,0.0,0.0,0.0,0
1740384453,0.0,0.0,0.0,1
1740384461,0.0,0.0,0.0,0
1740384518,0.0,0.0,0.0,1
1740384526,0.0,0.0,0.0,0
1740384583,0.0,0.0,0.0,1
1740384591,0.0,0.0,0.0,0
1740384648,0.0,0.0,0.0,1
1740384656,0.0,0.0,0.0,0
1740384713,0.0,0.0,0.0,1
1740384722,0.0,0.0,0.0,0
1740384778,0.0,0.0,0.0,1
1740384787,0.0,0.0,0.0,0
1740384843,0.0,0.0,0.0,1
1740384852,0.0,0.0,0.0,0
1740384908,0.0,0.0,0.0,1
1740384917,0.0,0.0,0.0,0
1740384974,0.0,0.0,0.0,1
1740384982,0.0,0.0,0.0,0
1740387474,0.0,0.0,0.0,1
1740387482,0.0,0.0,0.0,0
1740387538,0.0,0.0,0.0,1
1740387546,0.0,0.0,0.0,0
1740387603,0.0,0.0,0.0,1
1740387611,0.0,0.0,0.0,0
1740387667,0.0,0.0,0.0,1
1740387675,0.0,0.0,0.0,0
1740387732,0.0,0.0,0.0,1
1740387740,0.0,0.0,0.0,0
1740387796,0.0,0.0,0.0,1
1740387804,0.0,0.0,0.0,0
1740387861,0.0,0.0,0.0,1
1740387869,0.0,0.0,0.0,0
1740387925,0.0,0.0,0.0,1
1740387933,0.0,0.0,0.0,0
1740387990,0.0,0.0,0.0,1
1740387998,0.0,0.0,0.0,0
1740388054,0.0,0.0,0.0,1
1740388062,0.0,0.0,0.0,0
1740388119,0.0,0.0,0.0,1
1740388127,0.0,0.0,0.0,0
1740388183,0.0,0.0,0.0,1
1740388191,0.0,0.0,0.0,0
1740388248,0.0,0.0,0.0,1
1740388256,0.0,0.0,0.0,0
1740388312,0.0,0.0,0.0,1
1740388320,0.0,0.0,0.0,0
1740388377,0.0,0.0,0.0,1
1740388385,0.0,0.0,0.0,0
1740388441,0.0,0.0,0.0,1
1740388449,0.0,0.0,0.0,0
1740388506,0.0,0.0,0.0,1
1740388514,0.0,0.0,0.0,0
1740388570,0.0,0.0,0.0,1
1740388578,0.0,0.0,0.0,0
1740388635,0.0,0.0,0.0,1
1740388643,0.0,0.0,0.0,0
1740388700,0.0,0.0,0.0,1
1740388707,0.0,0.0,0.0,0
1740388764,0.0,0.0,0.0,1
1740388772,0.0,0.0,0.0,0
1740388828,0.0,0.0,0.0,1
1740388836,0.0,0.0,0.0,0
1740388893,0.0,0.0,0.0,1
1740388901,0.0,0.0,0.0,0
1740388957,0.0,0.0,0.0,1
1740388966,0.0,0.0,0.0,0
1740389022,0.0,0.0,0.0,1
1740389030,0.0,0.0,0.0,0
1740389087,0.0,0.0,0.0,1
1740389095,0.0,0.0,0.0,0
1740389151,0.0,0.0,0.0,1
1740389159,0.0,0.0,0.0,0
1740389216,0.0,0.0,0.0,1
1740389224,0.0,0.0,0.0,0
1740389280,0.0,0.0,0.0,1
1740389288,0.0,0.0,0.0,0
1740389345,0.0,0.0,0.0,1
1740389353,0.0,0.0,0.0,0
1740389409,0.0,0.0,0.0,1
1740389417,0.0,0.0,0.0,0
1740389474,0.0,0.0,0.0,1
1740389482,0.0,0.0,0.0,0
1740389538,0.0,0.0,0.0,1
1740389546,0.0,0.0,0.0,0
1740389603,0.0,0.0,0.0,1
1740389611,0.0,0.0,0.0,0
1740389667,0.0,0.0,0.0,1
1740389675,0.0,0.0,0.0,0
1740389732,0.0,0.0,0.0,1
1740389740,0.0,0.0,0.0,0
1740389796,0.0,0.0,0.0,1
1740389804,0.0,0.0,0.0,0
1740389861,0.0,0.0,0.0,1
1740389869,0.0,0.0,0.0,0
1740389925,0.0,0.0,0.0,1
1740389933,0.0,0.0,0.0,0
1740389990,0.0,0.0,0.0,1
1740389998,0.0,0.0,0.0,0
1740390054,0.0,0.0,0.0,1
1740390063,0.0,0.0,0.0,0
1740390119,0.0,0.0,0.0,1
1740390127,0.0,0.0,0.0,0
1740390184,0.0,0.0,0.0,1
1740390192,0.0,0.0,0.0,0
1740390248,0.0,0.0,0.0,1
1740390256,0.0,0.0,0.0,0
1740390313,0.0,0.0,0.0,1
1740390321,0.0,0.0,0.0,0
1740390377,0.0,0.0,0.0,1
1740390385,0.0,0.0,0.0,0
1740390442,0.0,0.0,0.0,1
1740390450,0.0,0.0,0.0,0
1740390506,0.0,0.0,0.0,1
1740390514,0.0,0.0,0.0,0
1740390571,0.0,0.0,0.0,1
1740390579,0.0,0.0,0.0,0
1740390635,0.0,0.0,0.0,1
1740390643,0.0,0.0,0.0,0
1740390700,0.0,0.0,0.0,1
1740390708,0.0,0.0,0.0,0
1740390765,0.0,0.0,0.0,1
1740390773,0.0,0.0,0.0,0
1740390829,0.0,0.0,0.0,1
1740390837,0.0,0.0,0.0,0
1740390894,0.0,0.0,0.0,1
1740390902,0.0,0.0,0.0,0
1740390958,0.0,0.0,0.0,1
1740390966,0.0,0.0,0.0,0
1740391023,0.0,0.0,0.0,1
1740391031,0.0,0.0,0.0,0
1740391087,0.0,0.0,0.0,1
1740391095,0.0,0.0,0.0,0
1740391152,0.0,0.0,0.0,1
1740391160,0.0,0.0,0.0,0
1740391216,0.0,0.0,0.0,1
1740391224,0.0,0.0,0.0,0
1740391281,0.0,0.0,0.0,1
1740391289,0.0,0.0,0.0,0
1740391345,0.0,0.0,0.0,1
1740391353,0.0,0.0,0.0,0
1740391410,0.0,0.0,0.0,1
1740391418,0.0,0.0,0.0,0
1740391474,0.0,0.0,0.0,1
1740391482,0.0,0.0,0.0,0
1740391539,0.0,0.0,0.0,1
1740391547,0.0,0.0,0.0,0
1740391603,0.0,0.0,0.0,1
1740391611,0.0,0.0,0.0,0
1740391668,0.0,0.0,0.0,1
1740391676,0.0,0.0,0.0,0
1740391733,0.0,0.0,0.0,1
1740391741,0.0,0.0,0.0,0
1740391797,0.0,0.0,0.0,1
1740391805,0.0,0.0,0.0,0
1740391862,0.0,0.0,0.0,1
1740391870,0.0,0.0,0.0,0
1740391926,0.0,0.0,0.0,1
1740391934,0.0,0.0,0.0,0
1740391991,0.0,0.0,0.0,1
1740391999,0.0,0.0,0.0,0
1740392055,0.0,0.0,0.0,1
1740392063,0.0,0.0,0.0,0
1740392120,0.0,0.0,0.0,1
1740392128,0.0,0.0,0.0,0
1740392184,0.0,0.0,0.0,1
1740392192,0.0,0.0,0.0,0
1740392249,0.0,0.0,0.0,1
1740392257,0.0,0.0,0.0,0
1740392313,0.0,0.0,0.0,1
1740392321,0.0,0.0,0.0,0
1740392378,0.0,0.0,0.0,1
1740392386,0.0,0.0,0.0,0
1740392442,0.0,0.0,0.0,1
1740392450,0.0,0.0,0.0,0
1740392507,0.0,0.0,0.0,1
1740392515,0.0,0.0,0.0,0
1740392571,0.0,0.0,0.0,1
1740392580,0.0,0.0,0.0,0
1740392636,0.0,0.0,0.0,1
1740392644,0.0,0.0,0.0,0
1740392700,0.0,0.0,0.0,1
1740392709,0.0,0.0,0.0,0
1740392765,0.0,0.0,0.0,1
1740392773,0.0,0.0,0.0,0
1740392830,0.0,0.0,0.0,1
1740392838,0.0,0.0,0.0,0
1740392894,0.0,0.0,0.0,1
1740392902,0.0,0.0,0.0,0
1740392959,0.0,0.0,0.0,1
1740392967,0.0,0.0,0.0,0
1740393023,0.0,0.0,0.0,1
1740393031,0.0,0.0,0.0,0
1740393088,0.0,0.0,0.0,1
1740393096,0.0,0.0,0.0,0
1740393152,0.0,0.0,0.0,1
1740393160,0.0,0.0,0.0,0
1740393217,0.0,0.0,0.0,1
1740393225,0.0,0.0,0.0,0
1740393281,0.0,0.0,0.0,1
1740393289,0.0,0.0,0.0,0
1740393346,0.0,0.0,0.0,1
1740393354,0.0,0.0,0.0,0
1740393410,0.0,0.0,0.0,1
1740393418,0.0,0.0,0.0,0
1740393475,0.0,0.0,0.0,1
1740393483,0.0,0.0,0.0,0
1740393539,0.0,0.0,0.0,1
1740393547,0.0,0.0,0.0,0
1740393604,0.0,0.0,0.0,1
1740393612,0.0,0.0,0.0,0
1740393668,0.0,0.0,0.0,1
1740393676,0.0,0.0,0.0,1
1740394597,0.0,0.0,0.0,0
1740394601,0.0,0.0,0.0,0
1740395520,0.0,0.0,0.0,1
1740395526,0.0,0.0,0.0,0
1740396453,0.0,0.0,0.0,1
1740396459,0.0,0.0,0.0,1
1740397474,0.0,0.0,0.0,0
1740397482,0.0,0.0,0.0,1
1740398396,0.0,0.0,0.0,0
1740398398,0.0,0.0,0.0,0
1740399318,0.0,0.0,0.0,1
1740399323,0.0,0.0,0.0,1
1740400240,0.0,0.0,0.0,0
1740400247,0.0,0.0,0.0,1
1740400950,0.0,0.0,0.0,0
1740400951,0.0,0.0,0.0,0
1740401872,0.0,0.0,0.0,1
1740401875,0.0,0.0,0.0,1
1740402794,0.0,0.0,0.0,0
1740402800,0.0,0.0,0.0,0
1740403717,0.0,0.0,0.0,1
1740403725,0.0,0.0,0.0,0
1740404639,0.0,0.0,0.0,1
1740404641,0.0,0.0,0.0,1
1740405592,0.0,0.0,0.0,0
1740405596,0.0,0.0,0.0,0
1740406514,0.0,0.0,0.0,1
1740406520,0.0,0.0,0.0,0
1740407436,0.0,0.0,0.0,1
1740407436,0.0,0.0,0.0,1
1740408358,0.0,0.0,0.0,0
1740408361,0.0,0.0,0.0,0
1740409412,0.0,0.0,0.0,1
1740409417,0.0,0.0,0.0,1
1740410334,0.0,0.0,0.0,0
1740410341,0.0,0.0,0.0,1
1740411256,0.0,0.0,0.0,0
1740411258,0.0,0.0,0.0,0
1740412178,0.0,0.0,0.0,1
1740412183,0.0,0.0,0.0,1
1740413101,0.0,0.0,0.0,0
1740413108,0.0,0.0,0.0,0
1740414024,0.0,0.0,0.0,1
1740414032,0.0,0.0,0.0,0
1740414947,0.0,0.0,0.0,1
1740414949,0.0,0.0,0.0,1
1740415110,0.0,0.0,0.0,0
1740415115,0.0,0.0,0.0,0
1740416019,0.0,0.0,0.0,1
1740416023,0.0,0.0,0.0,1
1740416941,0.0,0.0,0.0,0
1740416947,0.0,0.0,0.0,0
1740417864,0.0,0.0,0.0,1
1740417872,0.0,0.0,0.0,0
1740418506,0.0,0.0,0.0,1
1740418509,0.0,0.0,0.0,1
1740419429,0.0,0.0,0.0,0
1740419434,0.0,0.0,0.0,0
1740420351,0.0,0.0,0.0,1
1740420358,0.0,0.0,0.0,0
1740421273,0.0,0.0,0.0,1
1740421275,0.0,0.0,0.0,1
1740422195,0.0,0.0,0.0,0
1740422199,0.0,0.0,0.0,0
1740422370,0.0,0.0,0.0,1
1740422376,0.0,0.0,0.0,1
1740423281,0.0,0.0,0.0,0
1740423284,0.0,0.0,0.0,0
1740424205,0.0,0.0,0.0,1
1740424209,0.0,0.0,0.0,1
1740425128,0.0,0.0,0.0,0
1740425134,0.0,0.0,0.0,1
1740425418,0.0,0.0,0.0,0
1740425419,0.0,0.0,0.0,0
1740425479,0.0,0.0,0.0,0
1740426030,0.0,0.0,0.0,1
1740426032,0.0,0.0,0.0,1
1740426952,0.0,0.0,0.0,0
1740426956,0.0,0.0,0.0,0
1740427874,0.0,0.0,0.0,1
1740427880,0.0,0.0,0.0,0
1740428796,0.0,0.0,0.0,1
1740428797,0.0,0.0,0.0,1
1740429690,0.0,0.0,0.0,0
1740429693,0.0,0.0,0.0,0
1740430612,0.0,0.0,0.0,1
1740430617,0.0,0.0,0.0,1
1740431535,0.0,0.0,0.0,0
1740431541,0.0,0.0,0.0,0
1740432457,0.0,0.0,0.0,1
1740432465,0.0,0.0,0.0,0
1740433350,0.0,0.0,0.0,1
1740433352,0.0,0.0,0.0,1
1740434272,0.0,0.0,0.0,0
1740434276,0.0,0.0,0.0,0
1740435194,0.0,0.0,0.0,1
1740435201,0.0,0.0,0.0,0
1740436117,0.0,0.0,0.0,1
1740436118,0.0,0.0,0.0,1
1740437010,0.0,0.0,0.0,0
1740437012,0.0,0.0,0.0,0
1740437937,0.0,0.0,0.0,1
1740437937,0.0,0.0,0.0,1
1740438860,0.0,0.0,0.0,0
1740438862,0.0,0.0,0.0,0
1740439799,0.0,0.0,0.0,1
1740439801,0.0,0.0,0.0,1
1740440670,0.0,0.0,0.0,0
1740440674,0.0,0.0,0.0,0
1740441268,0.0,0.0,0.0,1
1740441274,0.0,0.0,0.0,0
1740441330,0.0,0.0,0.0,1
1740441339,0.0,0.0,0.0,0
1740441395,0.0,0.0,0.0,1
1740441403,0.0,0.0,0.0,0
1740441459,0.0,0.0,0.0,1
1740441468,0.0,0.0,0.0,0
1740441524,0.0,0.0,0.0,1
1740441532,0.0,0.0,0.0,0
1740441589,0.0,0.0,0.0,1
1740441597,0.0,0.0,0.0,0
1740441653,0.0,0.0,0.0,1
1740441661,0.0,0.0,0.0,0
1740441718,0.0,0.0,0.0,1
1740441726,0.0,0.0,0.0,0
1740441782,0.0,0.0,0.0,1
1740441790,0.0,0.0,0.0,0
1740441847,0.0,0.0,0.0,1
1740441855,0.0,0.0,0.0,0
1740441912,0.0,0.0,0.0,1
1740441920,0.0,0.0,0.0,0
1740441977,0.0,0.0,0.0,1
1740441985,0.0,0.0,0.0,0
1740442042,0.0,0.0,0.0,1
1740442050,0.0,0.0,0.0,0
1740442107,0.0,0.0,0.0,1
1740442115,0.0,0.0,0.0,0
1740442171,0.0,0.0,0.0,1
1740442180,0.0,0.0,0.0,0
1740442236,0.0,0.0,0.0,1
1740442244,0.0,0.0,0.0,0
1740442301,0.0,0.0,0.0,1
1740442309,0.0,0.0,0.0,0
1740442366,0.0,0.0,0.0,1
1740442374,0.0,0.0,0.0,0
1740442431,0.0,0.0,0.0,1
1740442439,0.0,0.0,0.0,0
1740442496,0.0,0.0,0.0,1
1740442504,0.0,0.0,0.0,0
1740442560,0.0,0.0,0.0,1
1740442568,0.0,0.0,0.0,0
1740442625,0.0,0.0,0.0,1
1740442633,0.0,0.0,0.0,0
1740442689,0.0,0.0,0.0,1
1740442697,0.0,0.0,0.0,0
1740442754,0.0,0.0,0.0,1
1740442762,0.0,0.0,0.0,0
1740442818,0.0,0.0,0.0,1
1740442826,0.0,0.0,0.0,0
1740442883,0.0,0.0,0.0,1
1740442891,0.0,0.0,0.0,0
1740442947,0.0,0.0,0.0,1
1740442955,0.0,0.0,0.0,0
1740443012,0.0,0.0,0.0,1
1740443020,0.0,0.0,0.0,0
1740443076,0.0,0.0,0.0,1
1740443084,0.0,0.0,0.0,0
1740443141,0.0,0.0,0.0,1
1740443149,0.0,0.0,0.0,0
1740443205,0.0,0.0,0.0,1
1740443214,0.0,0.0,0.0,0
1740443270,0.0,0.0,0.0,1
1740443278,0.0,0.0,0.0,0
1740443335,0.0,0.0,0.0,1
1740443343,0.0,0.0,0.0,0
1740443399,0.0,0.0,0.0,1
1740443408,0.0,0.0,0.0,0
1740443464,0.0,0.0,0.0,1
1740443472,0.0,0.0,0.0,0
1740443529,0.0,0.0,0.0,1
1740443537,0.0,0.0,0.0,0
1740443593,0.0,0.0,0.0,1
1740443601,0.0,0.0,0.0,0
1740443658,0.0,0.0,0.0,1
1740443666,0.0,0.0,0.0,0
1740443722,0.0,0.0,0.0,1
1740443730,0.0,0.0,0.0,0
1740443787,0.0,0.0,0.0,1
1740443795,0.0,0.0,0.0,0
1740443852,0.0,0.0,0.0,1
1740443860,0.0,0.0,0.0,0
1740443917,0.0,0.0,0.0,1
1740443925,0.0,0.0,0.0,0
1740444841,0.0,0.0,0.0,1
1740444844,0.0,0.0,0.0,1
1740445859,0.0,0.0,0.0,0
1740445863,0.0,0.0,0.0,1
1740446799,0.0,0.0,0.0,0
1740446805,0.0,0.0,0.0,0
1740447210,0.0,0.0,0.0,1
1740447217,0.0,0.0,0.0,0
1740447273,0.0,0.0,0.0,1
1740447281,0.0,0.0,0.0,0
1740447338,0.0,0.0,0.0,1
1740447346,0.0,0.0,0.0,0
1740447402,0.0,0.0,0.0,1
1740447410,0.0,0.0,0.0,0
1740447467,0.0,0.0,0.0,1
1740447475,0.0,0.0,0.0,0
1740447531,0.0,0.0,0.0,1
1740447539,0.0,0.0,0.0,0
1740447596,0.0,0.0,0.0,1
1740447604,0.0,0.0,0.0,0
1740447660,0.0,0.0,0.0,1
1740447668,0.0,0.0,0.0,0
1740447725,0.0,0.0,0.0,1
1740447733,0.0,0.0,0.0,0
1740447789,0.0,0.0,0.0,1
1740447798,0.0,0.0,0.0,0
1740447854,0.0,0.0,0.0,1
1740447862,0.0,0.0,0.0,0
1740447918,0.0,0.0,0.0,1
1740447927,0.0,0.0,0.0,0
1740447983,0.0,0.0,0.0,1
1740447991,0.0,0.0,0.0,0
1740448047,0.0,0.0,0.0,1
1740448056,0.0,0.0,0.0,0
1740448112,0.0,0.0,0.0,1
1740448120,0.0,0.0,0.0,0
1740448176,0.0,0.0,0.0,1
1740448185,0.0,0.0,0.0,0
1740448241,0.0,0.0,0.0,1
1740448249,0.0,0.0,0.0,1
1740449155,0.0,0.0,0.0,0
1740449158,0.0,0.0,0.0,0
1740450077,0.0,0.0,0.0,1
1740450082,0.0,0.0,0.0,1
1740451000,0.0,0.0,0.0,0
1740451006,0.0,0.0,0.0,0
1740451922,0.0,0.0,0.0,1
1740451930,0.0,0.0,0.0,0
1740452844,0.0,0.0,0.0,1
1740452847,0.0,0.0,0.0,1
1740452911,0.0,0.0,0.0,0
1740452915,0.0,0.0,0.0,1
1740452972,0.0,0.0,0.0,0
1740452980,0.0,0.0,0.0,1
1740453036,0.0,0.0,0.0,0
1740453044,0.0,0.0,0.0,1
1740453101,0.0,0.0,0.0,0
1740453109,0.0,0.0,0.0,1
1740453165,0.0,0.0,0.0,0
1740453173,0.0,0.0,0.0,1
1740453230,0.0,0.0,0.0,0
1740453238,0.0,0.0,0.0,1
1740453294,0.0,0.0,0.0,0
1740453302,0.0,0.0,0.0,1
1740453359,0.0,0.0,0.0,0
1740453367,0.0,0.0,0.0,1
1740453423,0.0,0.0,0.0,0
1740453431,0.0,0.0,0.0,1
1740453488,0.0,0.0,0.0,0
1740453496,0.0,0.0,0.0,1
1740453552,0.0,0.0,0.0,0
1740453560,0.0,0.0,0.0,1
1740453617,0.0,0.0,0.0,0
1740453625,0.0,0.0,0.0,1
1740453681,0.0,0.0,0.0,0
1740453689,0.0,0.0,0.0,1
1740453746,0.0,0.0,0.0,0
1740453754,0.0,0.0,0.0,1
1740453811,0.0,0.0,0.0,0
1740453819,0.0,0.0,0.0,1
1740453875,0.0,0.0,0.0,0
1740453883,0.0,0.0,0.0,1
1740453940,0.0,0.0,0.0,0
1740453948,0.0,0.0,0.0,1
1740454004,0.0,0.0,0.0,0
1740454012,0.0,0.0,0.0,1
1740454069,0.0,0.0,0.0,0
1740454077,0.0,0.0,0.0,1
1740454133,0.0,0.0,0.0,0
1740454141,0.0,0.0,0.0,1
1740454198,0.0,0.0,0.0,0
1740454206,0.0,0.0,0.0,1
1740454262,0.0,0.0,0.0,0
1740454270,0.0,0.0,0.0,1
1740454327,0.0,0.0,0.0,0
1740454335,0.0,0.0,0.0,1
1740454391,0.0,0.0,0.0,0
1740454399,0.0,0.0,0.0,1
1740454456,0.0,0.0,0.0,0
1740454464,0.0,0.0,0.0,1
1740454520,0.0,0.0,0.0,0
1740454529,0.0,0.0,0.0,1
1740454585,0.0,0.0,0.0,0
1740454593,0.0,0.0,0.0,1
1740454649,0.0,0.0,0.0,0
1740454658,0.0,0.0,0.0,1
1740454714,0.0,0.0,0.0,0
1740454722,0.0,0.0,0.0,1
1740454779,0.0,0.0,0.0,0
1740454787,0.0,0.0,0.0,1
1740454843,0.0,0.0,0.0,0
1740454851,0.0,0.0,0.0,1
1740454908,0.0,0.0,0.0,0
1740454916,0.0,0.0,0.0,1
1740454972,0.0,0.0,0.0,0
1740454980,0.0,0.0,0.0,1
1740455037,0.0,0.0,0.0,0
1740455045,0.0,0.0,0.0,1
1740455101,0.0,0.0,0.0,0
1740455109,0.0,0.0,0.0,1
1740455166,0.0,0.0,0.0,0
1740455174,0.0,0.0,0.0,1
1740455230,0.0,0.0,0.0,0
1740455238,0.0,0.0,0.0,1
1740455295,0.0,0.0,0.0,0
1740455303,0.0,0.0,0.0,1
1740455359,0.0,0.0,0.0,0
1740455367,0.0,0.0,0.0,1
1740455424,0.0,0.0,0.0,0
1740455432,0.0,0.0,0.0,1
1740455488,0.0,0.0,0.0,0
1740455496,0.0,0.0,0.0,1
1740455553,0.0,0.0,0.0,0
1740455561,0.0,0.0,0.0,1
1740455617,0.0,0.0,0.0,0
1740455625,0.0,0.0,0.0,1
1740455682,0.0,0.0,0.0,0
1740455690,0.0,0.0,0.0,1
1740455746,0.0,0.0,0.0,0
1740455754,0.0,0.0,0.0,1
1740455811,0.0,0.0,0.0,0
1740455819,0.0,0.0,0.0,1
1740455875,0.0,0.0,0.0,0
1740455883,0.0,0.0,0.0,1
1740455940,0.0,0.0,0.0,0
1740455948,0.0,0.0,0.0,1
1740456004,0.0,0.0,0.0,0
1740456012,0.0,0.0,0.0,1
1740456069,0.0,0.0,0.0,0
1740456077,0.0,0.0,0.0,1
1740456133,0.0,0.0,0.0,0
1740456141,0.0,0.0,0.0,1
1740456198,0.0,0.0,0.0,0
1740456206,0.0,0.0,0.0,1
1740456262,0.0,0.0,0.0,0
1740456270,0.0,0.0,0.0,1
1740456327,0.0,0.0,0.0,0
1740456335,0.0,0.0,0.0,1
1740456391,0.0,0.0,0.0,0
1740456399,0.0,0.0,0.0,1
1740456456,0.0,0.0,0.0,0
1740456464,0.0,0.0,0.0,1
1740456521,0.0,0.0,0.0,0
1740456529,0.0,0.0,0.0,1
1740456586,0.0,0.0,0.0,0
1740456594,0.0,0.0,0.0,1
1740456651,0.0,0.0,0.0,0
1740456659,0.0,0.0,0.0,1
1740456715,0.0,0.0,0.0,0
1740456724,0.0,0.0,0.0,1
1740456780,0.0,0.0,0.0,0
1740456789,0.0,0.0,0.0,1
1740456845,0.0,0.0,0.0,0
1740456854,0.0,0.0,0.0,1
1740456910,0.0,0.0,0.0,0
1740456918,0.0,0.0,0.0,1
1740456975,0.0,0.0,0.0,0
1740456983,0.0,0.0,0.0,1
1740457040,0.0,0.0,0.0,0
1740457048,0.0,0.0,0.0,1
1740457105,0.0,0.0,0.0,0
1740457113,0.0,0.0,0.0,1
1740457170,0.0,0.0,0.0,0
1740457178,0.0,0.0,0.0,1
1740457235,0.0,0.0,0.0,0
1740457243,0.0,0.0,0.0,1
1740457300,0.0,0.0,0.0,0
1740457308,0.0,0.0,0.0,1
1740457365,0.0,0.0,0.0,0
1740457373,0.0,0.0,0.0,1
1740457430,0.0,0.0,0.0,0
1740457438,0.0,0.0,0.0,1
1740457495,0.0,0.0,0.0,0
1740457503,0.0,0.0,0.0,1
1740457560,0.0,0.0,0.0,0
1740457568,0.0,0.0,0.0,1
1740457625,0.0,0.0,0.0,0
1740457633,0.0,0.0,0.0,1
1740457690,0.0,0.0,0.0,0
1740457698,0.0,0.0,0.0,1
1740457755,0.0,0.0,0.0,0
1740457763,0.0,0.0,0.0,1
1740457820,0.0,0.0,0.0,0
1740457828,0.0,0.0,0.0,1
1740457884,0.0,0.0,0.0,0
1740457893,0.0,0.0,0.0,1
1740457949,0.0,0.0,0.0,0
1740457958,0.0,0.0,0.0,1
1740458014,0.0,0.0,0.0,0
1740458022,0.0,0.0,0.0,1
1740458079,0.0,0.0,0.0,0
1740458087,0.0,0.0,0.0,1
1740458144,0.0,0.0,0.0,0
1740458152,0.0,0.0,0.0,1
1740458209,0.0,0.0,0.0,0
1740458217,0.0,0.0,0.0,1
1740458274,0.0,0.0,0.0,0
1740458282,0.0,0.0,0.0,1
1740458339,0.0,0.0,0.0,0
1740458347,0.0,0.0,0.0,1
1740458404,0.0,0.0,0.0,0
1740458412,0.0,0.0,0.0,1
1740458469,0.0,0.0,0.0,0
1740458477,0.0,0.0,0.0,1
1740458534,0.0,0.0,0.0,0
1740458542,0.0,0.0,0.0,1
1740458599,0.0,0.0,0.0,0
1740458607,0.0,0.0,0.0,1
1740458664,0.0,0.0,0.0,0
1740458672,0.0,0.0,0.0,1
1740458729,0.0,0.0,0.0,0
1740458737,0.0,0.0,0.0,1
1740458794,0.0,0.0,0.0,0
1740458802,0.0,0.0,0.0,1
1740458859,0.0,0.0,0.0,0
1740458867,0.0,0.0,0.0,1
1740458924,0.0,0.0,0.0,0
1740458932,0.0,0.0,0.0,1
1740458988,0.0,0.0,0.0,0
1740458997,0.0,0.0,0.0,1
1740459053,0.0,0.0,0.0,0
1740459061,0.0,0.0,0.0,1
1740459118,0.0,0.0,0.0,0
1740459126,0.0,0.0,0.0,1
1740459183,0.0,0.0,0.0,0
1740459191,0.0,0.0,0.0,1
1740459248,0.0,0.0,0.0,0
1740459256,0.0,0.0,0.0,1
1740459313,0.0,0.0,0.0,0
1740459321,0.0,0.0,0.0,1
1740459378,0.0,0.0,0.0,0
1740459386,0.0,0.0,0.0,1
1740459443,0.0,0.0,0.0,0
1740459451,0.0,0.0,0.0,1
1740459508,0.0,0.0,0.0,0
1740459516,0.0,0.0,0.0,1
1740459573,0.0,0.0,0.0,0
1740459581,0.0,0.0,0.0,1
1740459638,0.0,0.0,0.0,0
1740459646,0.0,0.0,0.0,1
1740459703,0.0,0.0,0.0,0
1740459711,0.0,0.0,0.0,1
1740459768,0.0,0.0,0.0,0
1740459776,0.0,0.0,0.0,1
1740459833,0.0,0.0,0.0,0
1740459841,0.0,0.0,0.0,1
1740459898,0.0,0.0,0.0,0
1740459906,0.0,0.0,0.0,1
1740459962,0.0,0.0,0.0,0
1740459970,0.0,0.0,0.0,1
1740460027,0.0,0.0,0.0,0
1740460035,0.0,0.0,0.0,1
1740460091,0.0,0.0,0.0,0
1740460099,0.0,0.0,0.0,1
1740460156,0.0,0.0,0.0,0
1740460164,0.0,0.0,0.0,1
1740460220,0.0,0.0,0.0,0
1740460228,0.0,0.0,0.0,1
1740460285,0.0,0.0,0.0,0
1740460293,0.0,0.0,0.0,1
1740460349,0.0,0.0,0.0,0
1740460357,0.0,0.0,0.0,1
1740460414,0.0,0.0,0.0,0
1740460422,0.0,0.0,0.0,1
1740460478,0.0,0.0,0.0,0
1740460486,0.0,0.0,0.0,1
1740460543,0.0,0.0,0.0,0
1740460551,0.0,0.0,0.0,1
1740460607,0.0,0.0,0.0,0
1740460615,0.0,0.0,0.0,1
1740460672,0.0,0.0,0.0,0
1740460680,0.0,0.0,0.0,1
1740460736,0.0,0.0,0.0,0
1740460744,0.0,0.0,0.0,1
1740460801,0.0,0.0,0.0,0
1740460809,0.0,0.0,0.0,1
1740460865,0.0,0.0,0.0,0
1740460873,0.0,0.0,0.0,1
1740460930,0.0,0.0,0.0,0
1740460938,0.0,0.0,0.0,1
1740460994,0.0,0.0,0.0,0
1740461002,0.0,0.0,0.0,1
1740461059,0.0,0.0,0.0,0
1740461067,0.0,0.0,0.0,1
1740461123,0.0,0.0,0.0,0
1740461132,0.0,0.0,0.0,1
1740461188,0.0,0.0,0.0,0
1740461196,0.0,0.0,0.0,1
1740461253,0.0,0.0,0.0,0
1740461261,0.0,0.0,0.0,1
1740461318,0.0,0.0,0.0,0
1740461326,0.0,0.0,0.0,1
1740461383,0.0,0.0,0.0,0
1740461391,0.0,0.0,0.0,1
1740461448,0.0,0.0,0.0,0
1740461456,0.0,0.0,0.0,1
1740461512,0.0,0.0,0.0,0
1740461520,0.0,0.0,0.0,1
1740461577,0.0,0.0,0.0,0
1740461585,0.0,0.0,0.0,1
1740461641,0.0,0.0,0.0,0
1740461649,0.0,0.0,0.0,1
1740461706,0.0,0.0,0.0,0
1740461714,0.0,0.0,0.0,1
1740461770,0.0,0.0,0.0,0
1740461778,0.0,0.0,0.0,1
1740461835,0.0,0.0,0.0,0
1740461843,0.0,0.0,0.0,1
1740461900,0.0,0.0,0.0,0
1740461908,0.0,0.0,0.0,1
1740461964,0.0,0.0,0.0,0
1740461972,0.0,0.0,0.0,1
1740462029,0.0,0.0,0.0,0
1740462037,0.0,0.0,0.0,1
1740462094,0.0,0.0,0.0,0
1740462102,0.0,0.0,0.0,1
1740462158,0.0,0.0,0.0,0
1740462166,0.0,0.0,0.0,1
1740462222,0.0,0.0,0.0,0
1740462231,0.0,0.0,0.0,1
1740462287,0.0,0.0,0.0,0
1740462295,0.0,0.0,0.0,1
1740462352,0.0,0.0,0.0,0
1740462360,0.0,0.0,0.0,1
1740462416,0.0,0.0,0.0,0
1740462424,0.0,0.0,0.0,1
1740462481,0.0,0.0,0.0,0
1740462489,0.0,0.0,0.0,1
1740462545,0.0,0.0,0.0,0
1740462553,0.0,0.0,0.0,1
1740462610,0.0,0.0,0.0,0
1740462618,0.0,0.0,0.0,1
1740462674,0.0,0.0,0.0,0
1740462682,0.0,0.0,0.0,1
1740462739,0.0,0.0,0.0,0
1740462747,0.0,0.0,0.0,1
1740462803,0.0,0.0,0.0,0
1740462811,0.0,0.0,0.0,1
1740462868,0.0,0.0,0.0,0
1740462876,0.0,0.0,0.0,1
1740462932,0.0,0.0,0.0,0
1740462940,0.0,0.0,0.0,1
1740462997,0.0,0.0,0.0,0
1740463005,0.0,0.0,0.0,1
1740463061,0.0,0.0,0.0,0
1740463069,0.0,0.0,0.0,1
1740463126,0.0,0.0,0.0,0
1740463134,0.0,0.0,0.0,1
1740463190,0.0,0.0,0.0,0
1740463198,0.0,0.0,0.0,1
1740463255,0.0,0.0,0.0,0
1740463263,0.0,0.0,0.0,1
1740463320,0.0,0.0,0.0,0
1740463328,0.0,0.0,0.0,1
1740463385,0.0,0.0,0.0,0
1740463393,0.0,0.0,0.0,1
1740463450,0.0,0.0,0.0,0
1740463458,0.0,0.0,0.0,1
1740463515,0.0,0.0,0.0,0
1740463523,0.0,0.0,0.0,1
1740463580,0.0,0.0,0.0,0
1740463588,0.0,0.0,0.0,1
1740463645,0.0,0.0,0.0,0
1740463653,0.0,0.0,0.0,1
1740463710,0.0,0.0,0.0,0
1740463718,0.0,0.0,0.0,1
1740463774,0.0,0.0,0.0,0
1740463783,0.0,0.0,0.0,1
1740463839,0.0,0.0,0.0,0
1740463848,0.0,0.0,0.0,1
1740463904,0.0,0.0,0.0,0
1740463913,0.0,0.0,0.0,1
1740463969,0.0,0.0,0.0,0
1740463977,0.0,0.0,0.0,1
1740464034,0.0,0.0,0.0,0
1740464043,0.0,0.0,0.0,1
1740464099,0.0,0.0,0.0,0
1740464107,0.0,0.0,0.0,1
1740464164,0.0,0.0,0.0,0
1740464172,0.0,0.0,0.0,1
1740464229,0.0,0.0,0.0,0
1740464237,0.0,0.0,0.0,1
1740464293,0.0,0.0,0.0,0
1740464301,0.0,0.0,0.0,1
1740464358,0.0,0.0,0.0,0
1740464366,0.0,0.0,0.0,1
1740464422,0.0,0.0,0.0,0
1740464430,0.0,0.0,0.0,1
1740464487,0.0,0.0,0.0,0
1740464495,0.0,0.0,0.0,1
1740464551,0.0,0.0,0.0,0
1740464560,0.0,0.0,0.0,1
1740464616,0.0,0.0,0.0,0
1740464624,0.0,0.0,0.0,1
1740464680,0.0,0.0,0.0,0
1740464689,0.0,0.0,0.0,1
1740464745,0.0,0.0,0.0,0
1740464753,0.0,0.0,0.0,1
1740464810,0.0,0.0,0.0,0
1740464818,0.0,0.0,0.0,1
1740464874,0.0,0.0,0.0,0
1740464882,0.0,0.0,0.0,1
1740464939,0.0,0.0,0.0,0
1740464947,0.0,0.0,0.0,1
1740465003,0.0,0.0,0.0,0
1740465011,0.0,0.0,0.0,1
1740465068,0.0,0.0,0.0,0
1740465076,0.0,0.0,0.0,1
1740465132,0.0,0.0,0.0,0
1740465140,0.0,0.0,0.0,1
1740465197,0.0,0.0,0.0,0
1740465205,0.0,0.0,0.0,1
1740465261,0.0,0.0,0.0,0
1740465269,0.0,0.0,0.0,1
1740465326,0.0,0.0,0.0,0
1740465334,0.0,0.0,0.0,1
1740465390,0.0,0.0,0.0,0
1740465399,0.0,0.0,0.0,1
1740465455,0.0,0.0,0.0,0
1740465464,0.0,0.0,0.0,1
1740465520,0.0,0.0,0.0,0
1740465528,0.0,0.0,0.0,1
1740465585,0.0,0.0,0.0,0
1740465593,0.0,0.0,0.0,1
1740465650,0.0,0.0,0.0,0
1740465658,0.0,0.0,0.0,1
1740465715,0.0,0.0,0.0,0
1740465723,0.0,0.0,0.0,1
1740465780,0.0,0.0,0.0,0
1740465788,0.0,0.0,0.0,1
1740465845,0.0,0.0,0.0,0
1740465853,0.0,0.0,0.0,1
1740465910,0.0,0.0,0.0,0
1740465918,0.0,0.0,0.0,1
1740465975,0.0,0.0,0.0,0
1740465983,0.0,0.0,0.0,1
1740466040,0.0,0.0,0.0,0
1740466048,0.0,0.0,0.0,1
1740466105,0.0,0.0,0.0,0
1740466113,0.0,0.0,0.0,1
1740466170,0.0,0.0,0.0,0
1740466178,0.0,0.0,0.0,1
1740466235,0.0,0.0,0.0,0
1740466243,0.0,0.0,0.0,1
1740466300,0.0,0.0,0.0,0
1740466308,0.0,0.0,0.0,1
1740466365,0.0,0.0,0.0,0
1740466373,0.0,0.0,0.0,1
1740466429,0.0,0.0,0.0,0
1740466437,0.0,0.0,0.0,1
1740466494,0.0,0.0,0.0,0
1740466502,0.0,0.0,0.0,1
1740466558,0.0,0.0,0.0,0
1740466566,0.0,0.0,0.0,1
1740466623,0.0,0.0,0.0,0
1740466631,0.0,0.0,0.0,1
1740466687,0.0,0.0,0.0,0
1740466695,0.0,0.0,0.0,1
1740466752,0.0,0.0,0.0,0
1740466760,0.0,0.0,0.0,1
1740466816,0.0,0.0,0.0,0
1740466824,0.0,0.0,0.0,1
1740466881,0.0,0.0,0.0,0
1740466889,0.0,0.0,0.0,1
1740466945,0.0,0.0,0.0,0
1740466953,0.0,0.0,0.0,1
1740467010,0.0,0.0,0.0,0
1740467018,0.0,0.0,0.0,1
1740467074,0.0,0.0,0.0,0
1740467082,0.0,0.0,0.0,1
1740467139,0.0,0.0,0.0,0
1740467147,0.0,0.0,0.0,1
1740467204,0.0,0.0,0.0,0
1740467212,0.0,0.0,0.0,1
1740467269,0.0,0.0,0.0,0
1740467277,0.0,0.0,0.0,1
1740467334,0.0,0.0,0.0,0
1740467342,0.0,0.0,0.0,1
1740467399,0.0,0.0,0.0,0
1740467407,0.0,0.0,0.0,1
1740467463,0.0,0.0,0.0,0
1740467471,0.0,0.0,0.0,1
1740467528,0.0,0.0,0.0,0
1740467536,0.0,0.0,0.0,1
1740467592,0.0,0.0,0.0,0
1740467600,0.0,0.0,0.0,1
1740467657,0.0,0.0,0.0,0
1740467665,0.0,0.0,0.0,1
1740467721,0.0,0.0,0.0,0
1740467729,0.0,0.0,0.0,1
1740467786,0.0,0.0,0.0,0
1740467794,0.0,0.0,0.0,1
1740467850,0.0,0.0,0.0,0
1740467858,0.0,0.0,0.0,1
1740467915,0.0,0.0,0.0,0
1740467923,0.0,0.0,0.0,1
1740467979,0.0,0.0,0.0,0
1740467987,0.0,0.0,0.0,1
1740468044,0.0,0.0,0.0,0
1740468052,0.0,0.0,0.0,1
1740468108,0.0,0.0,0.0,0
1740468116,0.0,0.0,0.0,1
1740468173,0.0,0.0,0.0,0
1740468181,0.0,0.0,0.0,1
1740468237,0.0,0.0,0.0,0
1740468246,0.0,0.0,0.0,1
1740468302,0.0,0.0,0.0,0
1740468310,0.0,0.0,0.0,1
1740468367,0.0,0.0,0.0,0
1740468375,0.0,0.0,0.0,1
1740468431,0.0,0.0,0.0,0
1740468439,0.0,0.0,0.0,1
1740468496,0.0,0.0,0.0,0
1740468504,0.0,0.0,0.0,1
1740468560,0.0,0.0,0.0,0
1740468568,0.0,0.0,0.0,1
1740468625,0.0,0.0,0.0,0
1740468633,0.0,0.0,0.0,1
1740468689,0.0,0.0,0.0,0
1740468697,0.0,0.0,0.0,1
1740468754,0.0,0.0,0.0,0
1740468762,0.0,0.0,0.0,1
1740468818,0.0,0.0,0.0,0
1740468826,0.0,0.0,0.0,1
1740468883,0.0,0.0,0.0,0
1740468891,0.0,0.0,0.0,1
1740468947,0.0,0.0,0.0,0
1740468955,0.0,0.0,0.0,1
1740469012,0.0,0.0,0.0,0
1740469020,0.0,0.0,0.0,1
1740469076,0.0,0.0,0.0,0
1740469084,0.0,0.0,0.0,1
1740469141,0.0,0.0,0.0,0
1740469149,0.0,0.0,0.0,1
1740469205,0.0,0.0,0.0,0
1740469213,0.0,0.0,0.0,1
1740469270,0.0,0.0,0.0,0
1740469278,0.0,0.0,0.0,1
1740469334,0.0,0.0,0.0,0
1740469342,0.0,0.0,0.0,1
1740469399,0.0,0.0,0.0,0
1740469407,0.0,0.0,0.0,1
1740469463,0.0,0.0,0.0,0
1740469471,0.0,0.0,0.0,1
1740469528,0.0,0.0,0.0,0
1740469536,0.0,0.0,0.0,1
1740469593,0.0,0.0,0.0,0
1740469601,0.0,0.0,0.0,1
1740469657,0.0,0.0,0.0,0
1740469665,0.0,0.0,0.0,1
1740469722,0.0,0.0,0.0,0
1740469730,0.0,0.0,0.0,1
1740469786,0.0,0.0,0.0,0
1740469794,0.0,0.0,0.0,1
1740469851,0.0,0.0,0.0,0
1740469859,0.0,0.0,0.0,1
1740469915,0.0,0.0,0.0,0
1740469923,0.0,0.0,0.0,1
1740469980,0.0,0.0,0.0,0
1740469988,0.0,0.0,0.0,1
1740470045,0.0,0.0,0.0,0
1740470053,0.0,0.0,0.0,1
1740470109,0.0,0.0,0.0,0
1740470117,0.0,0.0,0.0,1
1740470174,0.0,0.0,0.0,0
1740470182,0.0,0.0,0.0,1
1740470238,0.0,0.0,0.0,0
1740470246,0.0,0.0,0.0,1
1740470303,0.0,0.0,0.0,0
1740470311,0.0,0.0,0.0,1
1740470367,0.0,0.0,0.0,0
1740470375,0.0,0.0,0.0,1
1740470431,0.0,0.0,0.0,0
1740470440,0.0,0.0,0.0,1
1740470496,0.0,0.0,0.0,0
1740470504,0.0,0.0,0.0,1
1740470560,0.0,0.0,0.0,0
1740470568,0.0,0.0,0.0,1
1740470625,0.0,0.0,0.0,0
1740470633,0.0,0.0,0.0,1
1740470689,0.0,0.0,0.0,0
1740470697,0.0,0.0,0.0,1
1740470754,0.0,0.0,0.0,0
1740470762,0.0,0.0,0.0,1
1740470818,0.0,0.0,0.0,0
1740470826,0.0,0.0,0.0,1
1740470883,0.0,0.0,0.0,0
1740470891,0.0,0.0,0.0,1
1740470947,0.0,0.0,0.0,0
1740470956,0.0,0.0,0.0,1
1740471012,0.0,0.0,0.0,0
1740471020,0.0,0.0,0.0,1
1740471077,0.0,0.0,0.0,0
1740471085,0.0,0.0,0.0,1
1740471141,0.0,0.0,0.0,0
1740471149,0.0,0.0,0.0,1
1740471206,0.0,0.0,0.0,0
1740471214,0.0,0.0,0.0,1
1740471270,0.0,0.0,0.0,0
1740471278,0.0,0.0,0.0,1
1740471335,0.0,0.0,0.0,0
1740471343,0.0,0.0,0.0,1
1740471399,0.0,0.0,0.0,0
1740471407,0.0,0.0,0.0,1
1740471464,0.0,0.0,0.0,0
1740471472,0.0,0.0,0.0,1
1740471528,0.0,0.0,0.0,0
1740471536,0.0,0.0,0.0,1
1740471593,0.0,0.0,0.0,0
1740471601,0.0,0.0,0.0,1
1740471658,0.0,0.0,0.0,0
1740471666,0.0,0.0,0.0,1
1740471723,0.0,0.0,0.0,0
1740471731,0.0,0.0,0.0,1
1740471788,0.0,0.0,0.0,0
1740471796,0.0,0.0,0.0,1
1740471853,0.0,0.0,0.0,0
1740471861,0.0,0.0,0.0,1
1740471918,0.0,0.0,0.0,0
1740471926,0.0,0.0,0.0,1
1740471983,0.0,0.0,0.0,0
1740471991,0.0,0.0,0.0,1
1740472048,0.0,0.0,0.0,0
1740472056,0.0,0.0,0.0,1
1740472113,0.0,0.0,0.0,0
1740472121,0.0,0.0,0.0,1
1740472178,0.0,0.0,0.0,0
1740472186,0.0,0.0,0.0,1
1740472243,0.0,0.0,0.0,0
1740472251,0.0,0.0,0.0,1
1740472308,0.0,0.0,0.0,0
1740472316,0.0,0.0,0.0,1
1740472373,0.0,0.0,0.0,0
1740472381,0.0,0.0,0.0,1
1740472438,0.0,0.0,0.0,0
1740472446,0.0,0.0,0.0,1
1740472503,0.0,0.0,0.0,0
1740472511,0.0,0.0,0.0,1
1740472568,0.0,0.0,0.0,0
1740472576,0.0,0.0,0.0,1
1740472633,0.0,0.0,0.0,0
1740472641,0.0,0.0,0.0,1
1740472697,0.0,0.0,0.0,0
1740472706,0.0,0.0,0.0,1
1740472762,0.0,0.0,0.0,0
1740472771,0.0,0.0,0.0,1
1740472827,0.0,0.0,0.0,0
1740472835,0.0,0.0,0.0,1
1740472892,0.0,0.0,0.0,0
1740472900,0.0,0.0,0.0,1
1740472956,0.0,0.0,0.0,0
1740472964,0.0,0.0,0.0,1
1740473021,0.0,0.0,0.0,0
1740473029,0.0,0.0,0.0,1
1740473085,0.0,0.0,0.0,0
1740473093,0.0,0.0,0.0,1
1740473150,0.0,0.0,0.0,0
1740473158,0.0,0.0,0.0,1
1740473214,0.0,0.0,0.0,0
1740473222,0.0,0.0,0.0,1
1740473279,0.0,0.0,0.0,0
1740473287,0.0,0.0,0.0,1
1740473343,0.0,0.0,0.0,0
1740473351,0.0,0.0,0.0,1
1740473408,0.0,0.0,0.0,0
1740473416,0.0,0.0,0.0,1
1740473472,0.0,0.0,0.0,0
1740473480,0.0,0.0,0.0,1
1740473537,0.0,0.0,0.0,0
1740473545,0.0,0.0,0.0,1
1740473601,0.0,0.0,0.0,0
1740473609,0.0,0.0,0.0,1
1740473666,0.0,0.0,0.0,0
1740473674,0.0,0.0,0.0,1
1740473730,0.0,0.0,0.0,0
1740473738,0.0,0.0,0.0,1
1740473795,0.0,0.0,0.0,0
1740473803,0.0,0.0,0.0,1
1740473859,0.0,0.0,0.0,0
1740473867,0.0,0.0,0.0,1
1740473924,0.0,0.0,0.0,0
1740473932,0.0,0.0,0.0,1
1740473988,0.0,0.0,0.0,0
1740473996,0.0,0.0,0.0,1
1740474053,0.0,0.0,0.0,0
1740474061,0.0,0.0,0.0,1
1740474117,0.0,0.0,0.0,0
1740474125,0.0,0.0,0.0,1
1740474182,0.0,0.0,0.0,0
1740474190,0.0,0.0,0.0,1
1740474246,0.0,0.0,0.0,0
1740474255,0.0,0.0,0.0,1
1740474311,0.0,0.0,0.0,0
1740474319,0.0,0.0,0.0,1
1740474376,0.0,0.0,0.0,0
1740474384,0.0,0.0,0.0,1
1740474440,0.0,0.0,0.0,0
1740474448,0.0,0.0,0.0,1
1740474504,0.0,0.0,0.0,0
1740474513,0.0,0.0,0.0,1
1740474569,0.0,0.0,0.0,0
1740474577,0.0,0.0,0.0,1
1740474633,0.0,0.0,0.0,0
1740474642,0.0,0.0,0.0,1
1740474698,0.0,0.0,0.0,0
1740474706,0.0,0.0,0.0,1
1740474762,0.0,0.0,0.0,0
1740474770,0.0,0.0,0.0,1
1740474827,0.0,0.0,0.0,0
1740474835,0.0,0.0,0.0,1
1740474891,0.0,0.0,0.0,0
1740474899,0.0,0.0,0.0,1
1740474956,0.0,0.0,0.0,0
1740474964,0.0,0.0,0.0,1
1740475020,0.0,0.0,0.0,0
1740475028,0.0,0.0,0.0,1
1740475085,0.0,0.0,0.0,0
1740475093,0.0,0.0,0.0,1
1740475149,0.0,0.0,0.0,0
1740475157,0.0,0.0,0.0,1
1740475214,0.0,0.0,0.0,0
1740475222,0.0,0.0,0.0,1
1740475278,0.0,0.0,0.0,0
1740475286,0.0,0.0,0.0,1
1740475343,0.0,0.0,0.0,0
1740475351,0.0,0.0,0.0,1
1740475407,0.0,0.0,0.0,0
1740475415,0.0,0.0,0.0,1
1740475472,0.0,0.0,0.0,0
1740475480,0.0,0.0,0.0,1
1740475536,0.0,0.0,0.0,0
1740475544,0.0,0.0,0.0,1
1740475601,0.0,0.0,0.0,0
1740475609,0.0,0.0,0.0,1
1740475665,0.0,0.0,0.0,0
1740475673,0.0,0.0,0.0,1
1740475730,0.0,0.0,0.0,0
1740475738,0.0,0.0,0.0,1
1740475794,0.0,0.0,0.0,0
1740475802,0.0,0.0,0.0,1
1740475859,0.0,0.0,0.0,0
1740475867,0.0,0.0,0.0,1
1740475923,0.0,0.0,0.0,0
1740475931,0.0,0.0,0.0,1
1740475988,0.0,0.0,0.0,0
1740475996,0.0,0.0,0.0,1
1740476052,0.0,0.0,0.0,0
1740476060,0.0,0.0,0.0,1
1740476117,0.0,0.0,0.0,0
1740476125,0.0,0.0,0.0,1
1740476181,0.0,0.0,0.0,0
1740476189,0.0,0.0,0.0,1
1740476246,0.0,0.0,0.0,0
1740476254,0.0,0.0,0.0,1
1740476310,0.0,0.0,0.0,0
1740476319,0.0,0.0,0.0,1
1740476375,0.0,0.0,0.0,0
1740476384,0.0,0.0,0.0,1
1740476440,0.0,0.0,0.0,0
1740476448,0.0,0.0,0.0,1
1740476505,0.0,0.0,0.0,0
1740476513,0.0,0.0,0.0,1
1740476570,0.0,0.0,0.0,0
1740476578,0.0,0.0,0.0,1
1740476635,0.0,0.0,0.0,0
1740476643,0.0,0.0,0.0,1
1740476700,0.0,0.0,0.0,0
1740476708,0.0,0.0,0.0,1
1740476765,0.0,0.0,0.0,0
1740476773,0.0,0.0,0.0,1
1740476830,0.0,0.0,0.0,0
1740476838,0.0,0.0,0.0,1
1740476895,0.0,0.0,0.0,0
1740476903,0.0,0.0,0.0,1
1740476960,0.0,0.0,0.0,0
1740476968,0.0,0.0,0.0,1
1740477025,0.0,0.0,0.0,0
1740477033,0.0,0.0,0.0,1
1740477090,0.0,0.0,0.0,0
1740477098,0.0,0.0,0.0,1
1740477155,0.0,0.0,0.0,0
1740477163,0.0,0.0,0.0,1
1740477219,0.0,0.0,0.0,0
1740477227,0.0,0.0,0.0,1
1740477284,0.0,0.0,0.0,0
1740477292,0.0,0.0,0.0,1
1740477348,0.0,0.0,0.0,0
1740477356,0.0,0.0,0.0,1
1740477413,0.0,0.0,0.0,0
1740477421,0.0,0.0,0.0,1
1740477477,0.0,0.0,0.0,0
1740477485,0.0,0.0,0.0,1
1740477542,0.0,0.0,0.0,0
1740477550,0.0,0.0,0.0,1
1740477606,0.0,0.0,0.0,0
1740477614,0.0,0.0,0.0,1
1740477671,0.0,0.0,0.0,0
1740477679,0.0,0.0,0.0,1
1740477736,0.0,0.0,0.0,0
1740477744,0.0,0.0,0.0,1
1740477800,0.0,0.0,0.0,0
1740477808,0.0,0.0,0.0,1
1740477864,0.0,0.0,0.0,0
1740477873,0.0,0.0,0.0,1
1740477929,0.0,0.0,0.0,0
1740477937,0.0,0.0,0.0,1
1740477993,0.0,0.0,0.0,0
1740478001,0.0,0.0,0.0,1
1740478058,0.0,0.0,0.0,0
1740478066,0.0,0.0,0.0,1
1740478122,0.0,0.0,0.0,0
1740478130,0.0,0.0,0.0,1
1740478187,0.0,0.0,0.0,0
1740478195,0.0,0.0,0.0,1
1740478251,0.0,0.0,0.0,0
1740478259,0.0,0.0,0.0,1
1740478316,0.0,0.0,0.0,0
1740478324,0.0,0.0,0.0,1
1740478380,0.0,0.0,0.0,0
1740478388,0.0,0.0,0.0,1
1740478445,0.0,0.0,0.0,0
1740478453,0.0,0.0,0.0,1
1740478509,0.0,0.0,0.0,0
1740478517,0.0,0.0,0.0,1
1740478574,0.0,0.0,0.0,0
1740478582,0.0,0.0,0.0,1
1740478638,0.0,0.0,0.0,0
1740478646,0.0,0.0,0.0,1
1740478703,0.0,0.0,0.0,0
1740478711,0.0,0.0,0.0,1
1740478767,0.0,0.0,0.0,0
1740478775,0.0,0.0,0.0,1
1740478832,0.0,0.0,0.0,0
1740478840,0.0,0.0,0.0,1
1740478896,0.0,0.0,0.0,0
1740478904,0.0,0.0,0.0,1
1740478961,0.0,0.0,0.0,0
1740478969,0.0,0.0,0.0,1
1740479025,0.0,0.0,0.0,0
1740479033,0.0,0.0,0.0,1
1740479090,0.0,0.0,0.0,0
1740479098,0.0,0.0,0.0,1
1740479154,0.0,0.0,0.0,0
1740479162,0.0,0.0,0.0,1
1740479219,0.0,0.0,0.0,0
1740479227,0.0,0.0,0.0,1
1740479283,0.0,0.0,0.0,0
1740479291,0.0,0.0,0.0,1
1740479348,0.0,0.0,0.0,0
1740479356,0.0,0.0,0.0,1
1740479412,0.0,0.0,0.0,0
1740479420,0.0,0.0,0.0,1
1740479477,0.0,0.0,0.0,0
1740479485,0.0,0.0,0.0,1
1740479541,0.0,0.0,0.0,0
1740479549,0.0,0.0,0.0,1
1740479605,0.0,0.0,0.0,0
1740479614,0.0,0.0,0.0,1
1740479670,0.0,0.0,0.0,0
1740479678,0.0,0.0,0.0,1
1740479734,0.0,0.0,0.0,0
1740479742,0.0,0.0,0.0,1
1740479799,0.0,0.0,0.0,0
1740479807,0.0,0.0,0.0,1
1740479863,0.0,0.0,0.0,0
1740479871,0.0,0.0,0.0,1
1740479928,0.0,0.0,0.0,0
1740479936,0.0,0.0,0.0,1
1740479992,0.0,0.0,0.0,0
1740480000,0.0,0.0,0.0,1
1740480057,0.0,0.0,0.0,0
1740480065,0.0,0.0,0.0,1
1740480121,0.0,0.0,0.0,0
1740480129,0.0,0.0,0.0,1
1740480186,0.0,0.0,0.0,0
1740480194,0.0,0.0,0.0,1
1740480250,0.0,0.0,0.0,0
1740480258,0.0,0.0,0.0,1
1740480315,0.0,0.0,0.0,0
1740480323,0.0,0.0,0.0,1
1740480379,0.0,0.0,0.0,0
1740480387,0.0,0.0,0.0,1
1740480444,0.0,0.0,0.0,0
1740480452,0.0,0.0,0.0,1
1740480508,0.0,0.0,0.0,0
1740480516,0.0,0.0,0.0,1
1740480573,0.0,0.0,0.0,0
1740480581,0.0,0.0,0.0,1
1740480637,0.0,0.0,0.0,0
1740480645,0.0,0.0,0.0,1
1740480702,0.0,0.0,0.0,0
1740480710,0.0,0.0,0.0,1
1740480766,0.0,0.0,0.0,0
1740480774,0.0,0.0,0.0,1
1740480831,0.0,0.0,0.0,0
1740480839,0.0,0.0,0.0,0
1740481270,0.0,0.0,0.0,1
1740481278,0.0,0.0,0.0,0
1740482193,0.0,0.0,0.0,1
1740482194,0.0,0.0,0.0,0
1740483125,0.0,0.0,0.0,1
1740483128,0.0,0.0,0.0,1
1740484047,0.0,0.0,0.0,0
1740484052,0.0,0.0,0.0,1
1740484992,0.0,0.0,0.0,0
1740484993,0.0,0.0,0.0,0
1740485914,0.0,0.0,0.0,1
1740485917,0.0,0.0,0.0,0
1740486863,0.0,0.0,0.0,1
1740486870,0.0,0.0,0.0,0
1740487786,0.0,0.0,0.0,1
1740487787,0.0,0.0,0.0,1
1740488109,0.0,0.0,0.0,0
1740488112,0.0,0.0,0.0,0
1740489017,0.0,0.0,0.0,1
1740489021,0.0,0.0,0.0,1
1740489939,0.0,0.0,0.0,0
1740489945,0.0,0.0,0.0,0
1740490862,0.0,0.0,0.0,1
1740490869,0.0,0.0,0.0,0
1740491784,0.0,0.0,0.0,1
1740491785,0.0,0.0,0.0,1
1740492707,0.0,0.0,0.0,0
1740492710,0.0,0.0,0.0,0
1740493630,0.0,0.0,0.0,1
1740493635,0.0,0.0,0.0,1
1740494553,0.0,0.0,0.0,0
1740494560,0.0,0.0,0.0,1
1740495475,0.0,0.0,0.0,0
1740495477,0.0,0.0,0.0,0
1740496398,0.0,0.0,0.0,1
1740496401,0.0,0.0,0.0,1
1740497320,0.0,0.0,0.0,0
1740497325,0.0,0.0,0.0,0
1740498243,0.0,0.0,0.0,1
1740498250,0.0,0.0,0.0,0
1740499308,0.0,0.0,0.0,1
1740499310,0.0,0.0,0.0,1
1740500230,0.0,0.0,0.0,0
1740500234,0.0,0.0,0.0,0
1740501154,0.0,0.0,0.0,1
1740501159,0.0,0.0,0.0,1
1740502076,0.0,0.0,0.0,0
1740502083,0.0,0.0,0.0,1
1740502343,0.0,0.0,0.0,0
1740502343,0.0,0.0,0.0,1
1740503256,0.0,0.0,0.0,0
1740503260,0.0,0.0,0.0,0
1740503473,0.0,0.0,0.0,1
1740503479,0.0,0.0,0.0,1
1740504381,0.0,0.0,0.0,0
1740504388,0.0,0.0,0.0,1
1740505304,0.0,0.0,0.0,0
1740505305,0.0,0.0,0.0,0
1740506226,0.0,0.0,0.0,1
1740506230,0.0,0.0,0.0,1
1740507148,0.0,0.0,0.0,0
1740507154,0.0,0.0,0.0,0
1740507249,0.0,0.0,0.0,1
1740507257,0.0,0.0,0.0,0
1740508170,0.0,0.0,0.0,1
1740508173,0.0,0.0,0.0,1
1740509094,0.0,0.0,0.0,0
1740509098,0.0,0.0,0.0,0
1740509603,0.0,0.0,0.0,1
1740509609,0.0,0.0,0.0,0
1740510525,0.0,0.0,0.0,1
1740510526,0.0,0.0,0.0,1
1740511447,0.0,0.0,0.0,0
1740511450,0.0,0.0,0.0,0
1740512369,0.0,0.0,0.0,1
1740512374,0.0,0.0,0.0,1
1740513263,0.0,0.0,0.0,0
1740513269,0.0,0.0,0.0,0
1740514187,0.0,0.0,0.0,1
1740514194,0.0,0.0,0.0,0
1740514679,2.377373910713592,2.904464569080924,-7.6434174838482605,1
1740514680,0.0,0.0,0.0,0
1740515730,0.0,0.0,0.0,1
1740515733,0.0,0.0,0.0,1
1740516693,0.0,0.0,0.0,1
1740516923,0.0,0.0,0.0,0
1740516924,0.0,0.0,0.0,0
1740517488,0.0,0.0,0.0,1
1740517490,0.0,0.0,0.0,1
1740517742,0.0,0.0,0.0,0
1740517751,0.0,0.0,0.0,0
1740517817,0.0,0.0,0.0,1
1740517820,0.0,0.0,0.0,0
1740517877,0.0,0.0,0.0,1
1740517881,0.0,0.0,0.0,1
1740517941,0.0,0.0,0.0,0
1740517944,0.0,0.0,0.0,0
1740518005,0.0,0.0,0.0,1
1740518010,0.0,0.0,0.0,0
1740518066,0.0,0.0,0.0,1
1740518075,0.0,0.0,0.0,0
1740518131,0.0,0.0,0.0,1
1740518139,0.0,0.0,0.0,0
1740518195,0.0,0.0,0.0,1
1740518204,0.0,0.0,0.0,0
1740518260,0.0,0.0,0.0,1
1740518268,0.0,0.0,0.0,0
1740518324,0.0,0.0,0.0,1
1740518333,0.0,0.0,0.0,0
1740518389,0.0,0.0,0.0,1
1740518397,0.0,0.0,0.0,0
1740518453,0.0,0.0,0.0,1
1740518461,0.0,0.0,0.0,0
1740518518,0.0,0.0,0.0,1
1740518526,0.0,0.0,0.0,0
1740518582,0.0,0.0,0.0,1
1740518590,0.0,0.0,0.0,0
1740518647,0.0,0.0,0.0,1
1740518655,0.0,0.0,0.0,0
1740518711,0.0,0.0,0.0,1
1740518719,0.0,0.0,0.0,0
1740518776,0.0,0.0,0.0,1
1740518784,0.0,0.0,0.0,0
1740518840,0.0,0.0,0.0,1
1740518848,0.0,0.0,0.0,0
1740518905,0.0,0.0,0.0,1
1740518913,0.0,0.0,0.0,0
1740518969,0.0,0.0,0.0,1
1740518977,0.0,0.0,0.0,0
1740519034,0.0,0.0,0.0,1
1740519042,0.0,0.0,0.0,0
1740519098,0.0,0.0,0.0,1
1740519106,0.0,0.0,0.0,0
1740519163,0.0,0.0,0.0,1
1740519171,0.0,0.0,0.0,0
1740519228,0.0,0.0,0.0,1
1740519236,0.0,0.0,0.0,0
1740519293,0.0,0.0,0.0,1
1740519301,0.0,0.0,0.0,0
1740519358,0.0,0.0,0.0,1
1740519366,0.0,0.0,0.0,0
1740519422,0.0,0.0,0.0,1
1740519431,0.0,0.0,0.0,0
1740519487,0.0,0.0,0.0,1
1740519495,0.0,0.0,0.0,0
1740519552,0.0,0.0,0.0,1
1740519560,0.0,0.0,0.0,0
1740519617,0.0,0.0,0.0,1
1740519625,0.0,0.0,0.0,0
1740519682,0.0,0.0,0.0,1
1740519690,0.0,0.0,0.0,0
1740519747,0.0,0.0,0.0,1
1740519755,0.0,0.0,0.0,0
1740519812,0.0,0.0,0.0,1
1740519820,0.0,0.0,0.0,0
1740519877,0.0,0.0,0.0,1
1740519885,0.0,0.0,0.0,0
1740519942,0.0,0.0,0.0,1
1740519950,0.0,0.0,0.0,0
1740520007,0.0,0.0,0.0,1
1740520015,0.0,0.0,0.0,0
1740520072,0.0,0.0,0.0,1
1740520080,0.0,0.0,0.0,0
1740520136,0.0,0.0,0.0,1
1740520145,0.0,0.0,0.0,0
1740520201,0.0,0.0,0.0,1
1740520210,0.0,0.0,0.0,0
1740520266,0.0,0.0,0.0,1
1740520274,0.0,0.0,0.0,0
1740520331,0.0,0.0,0.0,1
1740520339,0.0,0.0,0.0,0
1740520396,0.0,0.0,0.0,1
1740520404,0.0,0.0,0.0,0
1740520461,0.0,0.0,0.0,1
1740520469,0.0,0.0,0.0,0
1740520526,0.0,0.0,0.0,1
1740520534,0.0,0.0,0.0,0
1740520591,0.0,0.0,0.0,1
1740520599,0.0,0.0,0.0,0
1740520656,0.0,0.0,0.0,1
1740520664,0.0,0.0,0.0,0
1740520721,0.0,0.0,0.0,1
1740520729,0.0,0.0,0.0,0
1740520786,0.0,0.0,0.0,1
1740520794,0.0,0.0,0.0,0
1740520851,0.0,0.0,0.0,1
1740520859,0.0,0.0,0.0,0
1740520915,0.0,0.0,0.0,1
1740520924,0.0,0.0,0.0,0
1740520980,0.0,0.0,0.0,1
1740520989,0.0,0.0,0.0,0
1740521045,0.0,0.0,0.0,1
1740521053,0.0,0.0,0.0,0
1740521110,0.0,0.0,0.0,1
1740521118,0.0,0.0,0.0,0
1740521175,0.0,0.0,0.0,1
1740521183,0.0,0.0,0.0,0
1740521240,0.0,0.0,0.0,1
1740521248,0.0,0.0,0.0,0
1740521305,0.0,0.0,0.0,1
1740521313,0.0,0.0,0.0,0
1740521370,0.0,0.0,0.0,1
1740521378,0.0,0.0,0.0,0
1740521435,0.0,0.0,0.0,1
1740521443,0.0,0.0,0.0,0
1740521500,0.0,0.0,0.0,1
1740521508,0.0,0.0,0.0,0
1740521565,0.0,0.0,0.0,1
1740521573,0.0,0.0,0.0,0
1740521630,0.0,0.0,0.0,1
1740521638,0.0,0.0,0.0,0
1740521695,0.0,0.0,0.0,1
1740521703,0.0,0.0,0.0,0
1740521760,0.0,0.0,0.0,1
1740521768,0.0,0.0,0.0,0
1740521825,0.0,0.0,0.0,1
1740521833,0.0,0.0,0.0,0
1740521889,0.0,0.0,0.0,1
1740521898,0.0,0.0,0.0,0
1740521954,0.0,0.0,0.0,1
1740521962,0.0,0.0,0.0,0
1740522019,0.0,0.0,0.0,1
1740522027,0.0,0.0,0.0,0
1740522084,0.0,0.0,0.0,1
1740522092,0.0,0.0,0.0,0
1740522149,0.0,0.0,0.0,1
1740522157,0.0,0.0,0.0,0
1740522214,0.0,0.0,0.0,1
1740522222,0.0,0.0,0.0,0
1740522279,0.0,0.0,0.0,1
1740522287,0.0,0.0,0.0,0
1740522344,0.0,0.0,0.0,1
1740522352,0.0,0.0,0.0,0
1740522409,0.0,0.0,0.0,1
1740522417,0.0,0.0,0.0,0
1740522474,0.0,0.0,0.0,1
1740522482,0.0,0.0,0.0,0
1740522539,0.0,0.0,0.0,1
1740522547,0.0,0.0,0.0,0
1740522604,0.0,0.0,0.0,1
1740522612,0.0,0.0,0.0,0
1740522669,0.0,0.0,0.0,1
1740522677,0.0,0.0,0.0,0
1740522733,0.0,0.0,0.0,1
1740522742,0.0,0.0,0.0,0
1740522798,0.0,0.0,0.0,1
1740522806,0.0,0.0,0.0,0
1740522863,0.0,0.0,0.0,1
1740522871,0.0,0.0,0.0,0
1740522928,0.0,0.0,0.0,1
1740522936,0.0,0.0,0.0,0
1740522993,0.0,0.0,0.0,1
1740523001,0.0,0.0,0.0,0
1740523058,0.0,0.0,0.0,1
1740523066,0.0,0.0,0.0,0
1740523123,0.0,0.0,0.0,1
1740523131,0.0,0.0,0.0,0
1740523188,0.0,0.0,0.0,1
1740523196,0.0,0.0,0.0,0
1740523253,0.0,0.0,0.0,1
1740523261,0.0,0.0,0.0,0
1740523318,0.0,0.0,0.0,1
1740523326,0.0,0.0,0.0,0
1740523383,0.0,0.0,0.0,1
1740523391,0.0,0.0,0.0,0
1740523448,0.0,0.0,0.0,1
1740523456,0.0,0.0,0.0,0
1740523513,0.0,0.0,0.0,1
1740523521,0.0,0.0,0.0,0
1740523578,0.0,0.0,0.0,1
1740523586,0.0,0.0,0.0,0
1740523643,0.0,0.0,0.0,1
1740523651,0.0,0.0,0.0,0
1740523707,0.0,0.0,0.0,1
1740523716,0.0,0.0,0.0,0
1740523772,0.0,0.0,0.0,1
1740523781,0.0,0.0,0.0,0
1740523837,0.0,0.0,0.0,1
1740523845,0.0,0.0,0.0,0
1740523902,0.0,0.0,0.0,1
1740523910,0.0,0.0,0.0,0
1740523967,0.0,0.0,0.0,1
1740523975,0.0,0.0,0.0,0
1740524032,0.0,0.0,0.0,1
1740524040,0.0,0.0,0.0,0
1740524097,0.0,0.0,0.0,1
1740524105,0.0,0.0,0.0,0
1740524162,0.0,0.0,0.0,1
1740524170,0.0,0.0,0.0,0
1740524227,0.0,0.0,0.0,1
1740524235,0.0,0.0,0.0,0
1740524292,0.0,0.0,0.0,1
1740524300,0.0,0.0,0.0,0
1740524357,0.0,0.0,0.0,1
1740524365,0.0,0.0,0.0,0
1740524422,0.0,0.0,0.0,1
1740524430,0.0,0.0,0.0,0
1740524486,0.0,0.0,0.0,1
1740524495,0.0,0.0,0.0,0
1740524551,0.0,0.0,0.0,1
1740524560,0.0,0.0,0.0,0
1740524616,0.0,0.0,0.0,1
1740524624,0.0,0.0,0.0,0
1740524681,0.0,0.0,0.0,1
1740524689,0.0,0.0,0.0,0
1740524746,0.0,0.0,0.0,1
1740524754,0.0,0.0,0.0,0
1740524811,0.0,0.0,0.0,1
1740524819,0.0,0.0,0.0,0
1740524876,0.0,0.0,0.0,1
1740524884,0.0,0.0,0.0,0
1740524941,0.0,0.0,0.0,1
1740524949,0.0,0.0,0.0,0
1740525006,0.0,0.0,0.0,1
1740525014,0.0,0.0,0.0,0
1740525071,0.0,0.0,0.0,1
1740525079,0.0,0.0,0.0,0
1740525136,0.0,0.0,0.0,1
1740525144,0.0,0.0,0.0,0
1740525201,0.0,0.0,0.0,1
1740525209,0.0,0.0,0.0,0
1740525265,0.0,0.0,0.0,1
1740525274,0.0,0.0,0.0,0
1740525330,0.0,0.0,0.0,1
1740525338,0.0,0.0,0.0,0
1740525395,0.0,0.0,0.0,1
1740525403,0.0,0.0,0.0,0
1740525460,0.0,0.0,0.0,1
1740525468,0.0,0.0,0.0,0
1740525525,0.0,0.0,0.0,1
1740525533,0.0,0.0,0.0,0
1740525590,0.0,0.0,0.0,1
1740525598,0.0,0.0,0.0,0
1740525655,0.0,0.0,0.0,1
1740525663,0.0,0.0,0.0,0
1740525720,0.0,0.0,0.0,1
1740525728,0.0,0.0,0.0,0
1740525785,0.0,0.0,0.0,1
1740525793,0.0,0.0,0.0,0
1740525850,0.0,0.0,0.0,1
1740525858,0.0,0.0,0.0,0
1740525914,0.0,0.0,0.0,1
1740525923,0.0,0.0,0.0,0
1740525979,0.0,0.0,0.0,1
1740525988,0.0,0.0,0.0,0
1740526044,0.0,0.0,0.0,1
1740526052,0.0,0.0,0.0,0
1740526109,0.0,0.0,0.0,1
1740526117,0.0,0.0,0.0,0
1740526174,0.0,0.0,0.0,1
1740526182,0.0,0.0,0.0,0
1740526239,0.0,0.0,0.0,1
1740526247,0.0,0.0,0.0,0
1740526304,0.0,0.0,0.0,1
1740526312,0.0,0.0,0.0,0
1740526369,0.0,0.0,0.0,1
1740526377,0.0,0.0,0.0,0
1740526434,0.0,0.0,0.0,1
1740526442,0.0,0.0,0.0,0
1740526499,0.0,0.0,0.0,1
1740526507,0.0,0.0,0.0,0
1740526563,0.0,0.0,0.0,1
1740526572,0.0,0.0,0.0,0
1740526628,0.0,0.0,0.0,1
1740526636,0.0,0.0,0.0,0
1740526693,0.0,0.0,0.0,1
1740526701,0.0,0.0,0.0,0
1740526758,0.0,0.0,0.0,1
1740526766,0.0,0.0,0.0,0
1740526823,0.0,0.0,0.0,1
1740526831,0.0,0.0,0.0,0
1740526888,0.0,0.0,0.0,1
1740526896,0.0,0.0,0.0,0
1740526953,0.0,0.0,0.0,1
1740526961,0.0,0.0,0.0,0
1740527018,0.0,0.0,0.0,1
1740527026,0.0,0.0,0.0,0
1740527083,0.0,0.0,0.0,1
1740527091,0.0,0.0,0.0,0
1740527148,0.0,0.0,0.0,1
1740527156,0.0,0.0,0.0,0
1740527213,0.0,0.0,0.0,1
1740527221,0.0,0.0,0.0,0
1740527278,0.0,0.0,0.0,1
1740527286,0.0,0.0,0.0,0
1740527342,0.0,0.0,0.0,1
1740527351,0.0,0.0,0.0,0
1740527407,0.0,0.0,0.0,1
1740527415,0.0,0.0,0.0,0
1740527472,0.0,0.0,0.0,1
1740527480,0.0,0.0,0.0,0
1740527537,0.0,0.0,0.0,1
1740527545,0.0,0.0,0.0,0
1740527602,0.0,0.0,0.0,1
1740527610,0.0,0.0,0.0,0
1740527667,0.0,0.0,0.0,1
1740527675,0.0,0.0,0.0,0
1740527732,0.0,0.0,0.0,1
1740527740,0.0,0.0,0.0,0
1740527797,0.0,0.0,0.0,1
1740527805,0.0,0.0,0.0,0
1740527862,0.0,0.0,0.0,1
1740527870,0.0,0.0,0.0,0
1740527926,0.0,0.0,0.0,1
1740527935,0.0,0.0,0.0,0
1740527991,0.0,0.0,0.0,1
1740528000,0.0,0.0,0.0,0
1740528056,0.0,0.0,0.0,1
1740528064,0.0,0.0,0.0,0
1740528121,0.0,0.0,0.0,1
1740528129,0.0,0.0,0.0,0
1740528186,0.0,0.0,0.0,1
1740528194,0.0,0.0,0.0,0
1740528251,0.0,0.0,0.0,1
1740528259,0.0,0.0,0.0,0
1740528316,0.0,0.0,0.0,1
1740528324,0.0,0.0,0.0,0
1740528381,0.0,0.0,0.0,1
1740528389,0.0,0.0,0.0,0
1740528446,0.0,0.0,0.0,1
1740528454,0.0,0.0,0.0,0
1740528511,0.0,0.0,0.0,1
1740528519,0.0,0.0,0.0,0
1740528575,0.0,0.0,0.0,1
1740528583,0.0,0.0,0.0,0
1740528640,0.0,0.0,0.0,1
1740528648,0.0,0.0,0.0,0
1740528705,0.0,0.0,0.0,1
1740528713,0.0,0.0,0.0,0
1740528770,0.0,0.0,0.0,1
1740528778,0.0,0.0,0.0,0
1740528835,0.0,0.0,0.0,1
1740528843,0.0,0.0,0.0,0
1740528900,0.0,0.0,0.0,1
1740528908,0.0,0.0,0.0,0
1740528965,0.0,0.0,0.0,1
1740528973,0.0,0.0,0.0,0
1740529030,0.0,0.0,0.0,1
1740529038,0.0,0.0,0.0,0
1740529095,0.0,0.0,0.0,1
1740529103,0.0,0.0,0.0,0
1740529160,0.0,0.0,0.0,1
1740529168,0.0,0.0,0.0,0
1740529225,0.0,0.0,0.0,1
1740529233,0.0,0.0,0.0,0
1740529290,0.0,0.0,0.0,1
1740529298,0.0,0.0,0.0,0
1740532353,0.7098246507081747,6.837584951866067,-2.787530526115467,0
1740532414,0.0,0.0,0.0,2
1740532474,4.513663236926965,2.4769801603311934,-4.453018202551461,0
1740532474,0.0,0.0,0.0,1
1740532478,4.965409415217616,2.860722516634367,-4.41678463937981,2
1740532534,3.086312907655052,2.985652571907869,-4.267001519808689,0
1740532534,4.904861400388889,2.6938448131123356,-4.082897515724115,1
1740532538,6.469476721868775,3.927626735145715,-4.225527780033202,2
1740532594,3.4864544120553993,3.839401861411677,-3.9303427793905095,0
1740532596,3.647139976378673,4.0752218081058365,-3.9065409951352796,1
1740532598,2.9060924873540888,2.8394425424595804,-4.401240544938306,2
1740532654,3.4344553355740755,2.5890622430753982,-4.141363560777965,0
1740532656,4.279094623376621,3.3771551826979134,-3.9330424944511186,1
1740532658,3.5015575343472434,3.5976343089038427,-4.418485206621482,0
1740532716,4.218303152516044,2.805193651035919,-4.441936153653977,1
1740532723,2.900374930880589,2.902326165345144,-4.390944463797229,2
1740532726,4.396978825356962,3.170956522941522,-4.136548313320983,1
1740532783,3.665333771244314,2.6414708602863026,-4.220749353520032,2
1740532786,0.0,0.0,0.0,3
1740532947,4.125312274092742,2.821961426779284,-4.275624925398741,2
1740532962,3.7132819736132197,2.10831516391564,-4.11317610716481,0
1740532962,5.036538664487062,2.6027753553675144,-4.299299746909144,1
1740532963,6.593479312266284,7.2306528574592175,-3.295511345930013,3
1740533007,2.0523876849984966,4.0626315317778365,-2.7843265223255083,2
1740533022,6.687754883566257,3.160965068464035,-3.2743359143359156,1
1740533024,2.7660793288291847,3.6054675219030052,-4.321126332468364,3
1740533067,3.674035756830462,4.104462147773359,-3.747455719629745,2
1740533082,1.5422331931730513,2.709132271464842,-3.1569448779334923,1
1740533084,5.055675171142402,4.540473396934125,-3.864274186440136,3
1740533128,0.0,0.0,0.0,1
1740533166,0.0,0.0,0.0,3
1740533166,0.0,0.0,0.0,2
1740533166,0.0,0.0,0.0,4
1740533213,1.097236689341634,5.447125750693273,-2.714851715957919,1
1740533226,4.944715095511816,4.542060130840275,-3.6917356290721104,3
1740533226,2.2112161053454984,2.4740218344576896,-4.765551129093715,2
1740533227,0.0,0.0,0.0,0
1740533231,0.0,0.0,0.0,5
1740533240,1.0715269175690072,5.133196267705959,-3.077376282295118,4
1740533274,0.3774780919149972,6.448422658576771,-2.7945077588494476,1
1740533286,1.6787213477068974,6.266844766089959,-3.449222474253996,2
1740533287,5.088452138275527,5.062644833300951,-3.771298938386932,3
1740533291,0.6997078892538333,5.2401993925135155,-3.137363691825515,0
1740533291,0.9239486389663502,4.985021485729442,-2.442564635046124,4
1740533334,1.7943414786136662,2.50400963886551,-4.188152533251329,1
1740533346,2.216423594537204,5.336031684550471,-4.565608599368488,3
1740533351,0.6601009444102797,5.250160827123495,-3.735536784883461,0
1740533351,1.9400968129401708,2.5057993613045233,-3.7393144457039598,1
1740533406,2.695919654585268,3.3129242864776067,-4.577824937362252,0
1740533411,0.0,0.0,0.0,0
1740533635,5.723176292585222,3.2884198678057004,-3.653111815939655,0
1740533695,5.8855559117610685,3.413856167155463,-3.520764654953606,0
1740533844,5.066595633506708,2.7040657604497884,-3.9646237677672764,0
1740534096,5.082782451833655,2.7390818046357355,-3.952951064095755,0
1740534168,5.074710192694127,2.7279231269955044,-3.981153361564638,0
1740534259,5.964461303920558,3.420890780192677,-3.5187844714040413,0
1740534325,4.973718828350255,2.7003932524471823,-3.8806601791365347,0
1740534416,5.48448098948674,3.0501117704321388,-3.835197782405957,0
1740534476,5.993832385143314,3.461815167154492,-3.4419935539236235,0
1740534763,6.10171584047335,3.5808371076392205,-3.2665583537406837,0
1740534901,4.980768836332377,2.6568107993375447,-3.889082948377381,0
1740535132,5.072820790554919,2.7356085455323793,-3.967827308571198,0
1740535223,5.551932712696276,3.060638551344434,-3.902901494142516,0
1740535467,6.121703615699733,3.5690055581466846,-3.3203491761593042,0
1740535527,5.017344277743618,2.7159012756717114,-3.9107756457348835,0
1740535629,5.640417919878236,3.1614370788471597,-3.7812430777321464,0
1740535711,5.57571732303413,3.074811606946775,-3.878385590765288,0
1740535771,6.01348328775352,3.513336004457845,-3.31898214002738,0
1740535837,5.520807086597607,3.069039151293112,-3.837156924653229,0
1740536093,6.859694717394315,3.857119677944545,-3.8445174099173096,0
1740536153,6.940827688395933,8.464854531357975,-2.9439155869339357,0
1740536213,1.5498851633576507,4.702738467400644,-3.8436324554572465,0
1740536390,0.8235023506978757,8.081028469132065,-3.1385387286825157,0
1740536450,7.009250943824153,7.5182499366256845,-2.7205675286583935,0
1740536510,6.163680036523401,3.4277311613701347,-3.3942688584515084,0
1740536570,4.761727160586117,2.8564351666703853,-3.25081677291608,0
1740537379,6.869675091048035,2.2398704246592662,-3.195492779054967,0
1740537439,6.783939299564616,2.7006254263870524,-2.9286444695272253,0
1740537499,4.900138954217075,2.875412553674287,-3.579873867061665,0
1740537559,0.0,0.0,0.0,0
1740698020,3.479139219022188,3.655540223799214,-4.5976178939583905,0
1740698080,4.066452205904175,5.814458542843977,-6.930636545111432,0
1740698140,5.502558732804211,2.85759166424616,-4.134435772803375,0
1740698200,3.2986743166668377,2.666457844043966,-4.052975076465213,0
1740698330,3.2655960597813283,2.4809256138072895,-4.265024571021323,0
1740698434,3.298020439940186,2.680562524285681,-4.058807097138469,0
1740698769,5.011062043595735,2.3779445193024347,-4.235130245179018,0
1740699161,3.9410754092173623,2.685117389823958,-4.66732455864314,0
1740699221,3.9660064876969505,2.709048691869927,-3.6594149198743375,0
1740699281,0.0,0.0,0.0,0
1740701359,6.569027340725464,7.653105931794918,-3.484380753715044,0
1740701419,6.142441063560286,9.053391521049434,-3.813339322005328,0
1740701479,6.205764959571576,8.986481285075051,-3.8769003990401307,0
1740701663,0.0,0.0,0.0,3
1740701717,3.8731153272342915,4.185884609384082,-4.709850672456621,0
1740701723,4.056428761044325,3.928177602327895,-4.490424489089738,3
1740701778,2.4440870337651113,6.324119391141369,-4.228965061896984,0
1740701783,4.191660534540126,2.580779062934478,-4.176717555620108,3
1740701838,5.452124707659148,4.825117543330846,-4.484844459930654,0
1740701843,4.191660534540126,2.580779062934478,-4.176717555620108,3
1740701899,4.316859029356722,2.841413089912739,-4.497600330874094,3
1740701959,0.0,0.0,0.0,1
1740701961,0.0,0.0,0.0,4
1740702012,0.0,0.0,0.0,2
1740702015,4.285940514252146,2.790612413937166,-4.300327871345116,3
1740702020,4.89793091466071,2.967122977932903,-4.570085558416322,1
1740702021,5.336678026263831,4.707373168957332,-4.583211030972651,0
1740702023,3.4467376128752085,4.437326853409032,-3.2974558976208304,4
1740702072,5.373888050289079,3.127231489816231,-4.392995249887047,2
1740702076,4.612780819438608,4.313113249720283,-4.255630148594605,1
1740702082,7.2794034802974785,5.589878298634678,-4.3999839215868874,0
1740702083,1.8408367477611023,2.3815574465443214,-4.032917708178859,4
1740702133,4.508739913175504,4.167126508591321,-4.0300924098574065,1
1740702142,2.660365005692924,7.4136399272699025,-4.0767183173540005,0
1740702143,5.364057262458779,3.069030702740962,-4.407175030841421,2
1740702189,4.329246800248773,2.7262212005751687,-4.352575796948937,3
1740702189,4.38741901150198,2.559192961035689,-4.301798909750475,1
1740702202,4.14238267509292,4.363244275868006,-3.9302914734428462,0
1740702203,4.913953221963817,4.409689601640552,-4.7063794759705075,0
1740702263,4.313252849376495,4.448581992166656,-3.910728203192061,0
1740702323,4.49810215473676,4.566650928215,-4.162649700278019,0
1740702383,5.3344278665243845,4.609949656055306,-4.979528854583254,0
1740702443,4.883639661161164,4.423354198255379,-4.613149111083115,0
1740702503,4.620944035903767,4.402389714479569,-4.482638808933306,0
1740702563,4.8662002596068925,4.641113077884215,-4.4486568888203735,0
1740702623,4.5227869766553015,4.422281494414845,-4.708072047893284,0
1740702683,4.314308392364068,2.695244814287686,-4.409222516817662,3
1740702697,4.401293231619863,2.504771119525823,-4.359604953238729,1
1740702697,5.469618392164205,2.9874740445727586,-4.601202115408194,2
1740702733,4.405792917505905,2.511592415742564,-4.139420556192997,0
1740702744,4.361243519731159,2.703446872883786,-4.359738643470123,3
1740702757,3.989101506716287,2.8568160168537724,-4.6228513159422,1
1740702793,4.344033853050655,2.661641093227112,-4.463479538445214,3
1740702818,4.398817279174684,2.6707498787100263,-4.4232531302431966,3
1740702925,4.414257209411299,2.518166164919184,-4.2441436017838985,0
1740702925,5.139223659800471,2.8947888998952624,-4.441066591318488,2
1740702925,3.9616499023023226,2.126447728627407,-5.2480532101698625,1
1740702928,1.831064536048169,2.365969143666173,-4.0243575507390545,4
1740702980,3.400688854857094,4.98657872499021,-4.297735911341354,0
1740702985,3.6817174802335133,4.550608186154806,-4.693334220717172,3
1740702986,3.7622476450410565,4.522581535564674,-4.550149884543231,2
1740702986,3.453251734575021,4.708176123890139,-4.366065881658537,1
1740702989,3.3250565140880903,4.946091031316641,-4.225933673232603,0
1740703197,3.8447227428725985,4.4037489362493325,-4.429475306089952,2
1740703198,3.7620204995783997,4.474879187470515,-4.429119842094689,2
1740703299,3.780220529773775,4.45394236553746,-4.412810505410585,2
1740703603,3.2980191057362216,4.891036569593125,-4.21010990818333,0
1740703715,3.817103274272673,4.425213251464295,-4.434235008583367,2
1740703716,3.66336128753256,4.476380877120183,-4.448566763839201,3
1740703716,0.0,0.0,0.0,0
1740707840,6.40269264639976,3.305453512719585,-3.97658126744244,0
1740707900,4.210292070131594,2.624050285548104,-4.085058363580096,0
1740707969,4.165743166268029,2.611078820645621,-4.011323220174386,0
1740708029,6.572804459144677,3.7263112426750045,-4.256568672139951,0
1740708089,0.0,0.0,0.0,1
1740708094,4.286577454105737,2.68076056191778,-4.229336307282569,0
1740708149,5.025009918719158,2.7076086548976255,-3.9364793679275536,1
1740708154,4.3057996388830695,2.698842497937485,-4.169966333194997,0
1740708249,4.227285121404865,2.7068135126294677,-4.365000513584226,0
1740708404,0.0,0.0,0.0,0
1740710403,0.0,0.0,0.0,2
1740710423,0.0,0.0,0.0,3
1740710426,0.0,0.0,0.0,4
1740710430,0.0,0.0,0.0,1
1740710433,3.724934908948904,3.022881573459436,-4.28121921639317,0
1740710464,5.008285243594804,4.02516653264837,-4.69784489953668,2
1740710483,2.0643353116814804,4.733405833940734,-4.315503677398597,3
1740710487,1.2665293024091901,1.853914815455231,-4.669192583936564,4
1740710491,5.348036319831809,3.663666129205688,-4.086032931743301,1
1740710494,2.9759268396888805,3.0653936518166836,-3.883734683227166,0
1740710524,5.356006685476782,4.507987780751013,-4.651181841780452,2
1740710543,-0.6611830947374546,6.019691542242551,-5.03533767876235,3
1740710548,4.556355280784935,7.849145464996061,-3.800992148288673,4
1740710552,4.899002465663137,3.5680778218676603,-4.095012532528761,1
1740710556,3.671240395768468,2.998274743228672,-4.262077833205436,0
1740710584,4.932941320750308,4.0091146046245365,-5.00689890156764,2
1740710604,1.9974927435077872,4.463056856350927,-4.547427198205932,3
1740710608,1.1835006989769532,8.28342120744861,-4.218856575283731,4
1740710612,4.187691096597243,3.2836311223897576,-4.064538601434111,1
1740710616,3.314210654805572,3.0837616421938643,-4.24753258659353,0
1740710644,5.013102216413511,4.036058602413814,-4.477562593613432,2
1740710664,0.922851280578274,4.597352262235677,-4.112250103241897,3
1740710668,0.42116503482219336,6.214868630766766,-3.67744201622851,4
1740710673,6.266592327223663,2.6969281341605287,-4.892054353360541,1
1740710676,3.574117161406699,2.889404209424725,-4.632682861575661,0
1740710704,4.3180725921622445,3.5215128258579815,-4.289631388230692,2
1740710724,3.6260468821022056,2.9820043402495506,-4.900639706786607,3
1740710728,3.4632774098437746,2.7566332124786928,-4.895735768554507,4
1740710733,6.273908395745953,1.949787001675704,-5.684637218371733,1
1740710740,3.202937434727227,2.9131467210952584,-4.2273979087384586,0
1740710764,5.183147807839106,4.162141646608305,-4.03043429569651,2
1740710784,4.7573592109911775,3.0531098175812117,-4.420680683910139,1
1740710800,3.5761587247594733,3.0063533867154275,-4.336404690234647,0
1740710824,5.095187815145877,4.290471650152557,-4.5910616163558,2
1740710844,4.856975202315501,3.373012107010429,-4.462502467037561,1
1740710860,3.541172049517677,2.6453063247267283,-4.34544232701343,0
1740710884,4.599980435891326,4.321001748732225,-4.444296662503049,2
1740710904,3.43700941692246,2.811035219362345,-4.623786239667206,3
1740710927,4.058558901076851,2.68505962834082,-4.410448285586259,0
1740710944,4.684480883755819,4.238056987154771,-4.7781894387651835,2
1740710965,5.225703194809582,2.339151088418708,-4.610785311234737,1
1740710968,3.151540793813792,2.6622786912375904,-4.347824753845007,3
1740710987,3.376406830562662,2.7010383801282094,-4.870304472785612,4
1740710987,5.820673597894004,3.615014904928846,-3.5757935630610005,0
1740711005,6.217509082755976,3.3414443528744435,-4.342675254065664,2
1740711025,5.222202997143437,2.4490393982075918,-4.488236159017664,1
1740711028,3.1954701605040574,2.7990990491875913,-4.311099600572756,4
1740711048,5.110810256834474,3.2857435237988133,-3.8323037663275583,0
1740711065,3.2010205338936597,2.4836251012539208,-4.5330354412467955,3
1740711077,6.186135916540115,2.912523355080758,-4.750655409901393,2
1740711087,5.251914979580692,2.325013461078648,-4.643274183399239,1
1740711088,2.7444242836046278,2.5535323853848597,-4.874228709654124,4
1740711108,5.484503323445487,3.1411760523665597,-4.402644939826899,0
1740711125,3.115785379970108,2.650417431286646,-4.223307146167139,3
1740711137,5.164483099819512,3.532659981240226,-3.6253786576894673,0
1740711185,5.924183981600593,2.6172740163840293,-4.963701796753728,2
1740711211,5.257436731486625,2.792935538132013,-4.178656479341528,1
1740711212,2.6707803691815233,2.582271523035579,-4.918592965518089,4
1740711260,3.089373168952499,2.6439321229918487,-4.205182725684059,3
1740711261,5.028950523395591,2.456838816369973,-4.326837509096812,0
1740711314,3.036761169895334,1.9127981298646257,-4.958501156024295,4
1740711321,3.1588675525007575,2.622188093878499,-4.2161199791065584,3
1740711322,5.056639861060758,2.19683104531485,-4.520540281495214,0
1740711471,3.0498811756502335,2.2398572792760874,-4.720667263950752,4
1740711498,3.1379043186344977,2.60901706723464,-4.2412034614280225,3
1740711502,3.4923224530358925,2.3913780720131483,-4.6939656196217925,0
1740711531,2.9755183182986626,2.246051456324517,-4.781781137094894,4
1740711558,3.161141996222449,1.3016094669908453,-5.309134392382536,3
1740711562,3.340037153994612,2.440317879132935,-4.584464473774004,0
1740711874,3.1307409668651682,2.4280425391781413,-4.600716237649355,3
1740711874,2.9839985806841276,2.4103291731959535,-4.611429198423323,4
1740711875,2.9750347891906648,2.4587383721534826,-4.594158783155256,4
1740712155,3.3735761758953235,2.665607360212115,-4.382446310747014,0
1740712155,3.0789261084330257,2.5926196359072424,-4.342887613772813,3
1740712194,3.038423282546995,2.490201212142694,-4.561185516852008,4
1740712215,5.28772580258236,3.515333310219198,-4.7953678843199015,0
1740712215,3.132352571108438,2.1356404317718005,-4.829198852172361,3
1740712315,5.79326332847811,2.3784946238360445,-4.512201081897341,0
1740712325,6.114961202409401,2.9305502007726245,-5.045181305062318,2
1740712816,5.818416087688905,3.0415340888529214,-3.735941471406276,0
1740712830,2.997453558064772,2.6211273608275576,-4.398521341396487,4
1740712844,3.0750258648535223,2.4526652181024473,-4.439186244078116,3
1740712845,5.7638550435722555,2.6455550974766298,-4.2402722760031555,0
1740712890,5.205635181792431,2.5351744613818177,-4.615920362789272,3
1740712905,5.84778371042446,3.439650725013121,-4.024736555523547,0
1740712950,5.294277176769449,2.5979347082356585,-4.49122979086644,3
1740712966,5.661314379124197,2.996077224617987,-3.634225267606818,0
1740713010,5.280933619629745,2.5992064097482594,-4.41253577551584,3
1740713026,3.117129122594276,2.721377092705858,-4.2625995876429155,4
1740713180,0.0,0.0,0.0,0
1741997726,1.4642610695784906,5.607300419509734,-3.7701367005390125,0
1741997786,1.8359211467723906,0.19967900189735932,-4.681636787015767,0
1741997846,1.4718152006183058,0.3770396463133734,-4.229997658645753,0
1741997906,1.2659674587181637,5.470900771980415,-2.62412801065467,0
1741997967,1.1899962428250421,5.429862296463072,-2.662743370522735,0
1741998115,0.740739975892213,6.273061225738431,-4.288897160138468,0
1741998175,1.2609938994460324,5.432698513846254,-2.9162217940093806,0
1741998235,1.194609045896672,5.332030214058707,-3.1131565277327633,0
1741998295,1.0762312597386257,5.240183053002736,-3.036396866606747,0
1741998355,0.907932350165777,5.097283252163108,-2.75598447707064,0
1741998415,1.0740531129687692,5.16817120419384,-3.208065755380402,0
1741998475,1.159406846403697,5.175655244786654,-3.332540376755473,0
1741998549,0.5693812573802571,6.192536953487688,-4.552828360817584,0
1741998614,1.1143409593051787,5.111916238737128,-3.5075104953805374,0
1741998674,1.2630720560373607,5.242510133086553,-3.3998265807229835,0
1741998734,0.7635115367607662,6.184540966830002,-4.521877809019724,0
1741998794,0.906438303489637,5.1015122583630355,-2.8985298865820392,0
1741998874,1.2572027856420784,5.222707437535081,-3.4143363689259294,0
1741998975,0.8177502448407941,5.287291942887184,-3.410540740488149,0
1741999035,1.0796112862141278,5.287493327684916,-3.1277649159579415,0
1741999113,0.7298125194633743,6.211171078753681,-4.462831239531827,0
1741999193,0.2918562256113716,6.226839035526519,-4.5113167922382695,0
1741999311,0.9256682294294216,5.123691350442082,-2.7522145267095572,0
1741999371,0.9779303663649155,5.17251686633537,-2.9452428975739524,0
1741999431,0.38635705492786937,6.2303666223334675,-4.489748343626484,0
1741999491,0.9791613880923435,5.192721790977063,-2.901456287638851,0
1741999622,1.0956648811298466,5.243660030030641,-3.0239016140055837,0
1741999682,0.04473617683548097,6.223565915785273,-4.534263784019523,0
1741999766,0.5363436838917506,6.2189860687326,-4.492035737555263,0
1741999828,0.579495374314399,6.218910488522608,-4.482560608513271,0
1741999924,1.0531692232749479,5.230769054573702,-3.067096772960818,0
1741999984,0.21878594754128006,6.18164780194877,-4.631973234439978,0
1742000295,1.07325524511031,5.328695613566652,-2.64401784696975,0
1742000355,1.4424350381130588,6.275358318928957,-3.9037496827046114,0
1742000478,1.2700501727918492,6.353215457430422,-3.7512514055672943,0
1742000538,3.3025521873966848,3.8192362820373758,-6.49222599902779,0
1742000598,0.0,0.0,0.0,0
1742000658,0.0,0.0,0.0,0
1742000718,0.0,0.0,0.0,0
1742000787,0.0,0.0,0.0,0
1742002859,2.4330344875133374,1.5971526211132403,-2.3659980385478137,0
1742002920,0.0,0.0,0.0,0
1742002980,7.212346395953276,4.261677676579315,-3.3050154961383997,0
1742003040,7.690078347273324,4.261384214527561,-3.673975594976509,0
1742003218,7.2877253158940345,4.028615327142495,-3.592056536019056,0
1742003331,6.907789951559844,3.48884298385939,-3.663715418457431,0
1742003391,7.109358139390052,6.1672381204713105,-3.9104246306142025,0
1742003767,0.0,0.0,0.0,3
1742003802,0.0,0.0,0.0,1
1742003807,6.971969736627515,4.716926085437001,-3.4697416775546963,0
1742003827,6.701936742266545,3.0879910541847093,-3.6527396856355736,3
1742003863,3.9093052966011452,2.762950641789056,-2.8338072898981252,1
1742003867,7.498096093608984,1.6059186946755748,-2.8333137184513175,0
1742003887,8.354032448942403,2.4480949313740394,-2.342336466995551,3
1742003924,6.163825992876632,2.7872620339180347,-3.536705789372196,1
1742003927,6.664087277631342,2.5390958636104184,-3.7060362658810084,0
1742003947,6.947565373725091,4.5207835809471435,-3.65725994245783,3
1742003984,5.998924628708835,2.734286033541296,-3.502179954080612,1
1742003987,7.667580617346135,0.2574547587885916,-2.7435405876470282,0
1742004007,0.0,0.0,0.0,1
1743635803,0.0,0.0,0.0,3
1743635805,6.665841640051905,1.3828532324197542,-4.592157829200836,1
1743635863,10.147389210342915,0.03139225792882194,-4.191115804391176,3
1743635866,6.757709598301194,1.5846133824098723,-4.457601636086531,1
1743635923,6.811692985946589,1.5353495371915604,-4.363103128038022,3
1743635926,6.386209219446701,1.1878335287410475,-4.002956237999311,1
1743635983,6.4304854653685215,0.9709925341970034,-3.568365358847835,3
1743635986,6.413454455376318,0.9052648865086446,-3.8411503237826636,3
1743636046,6.4434459893858005,1.0834868321391953,-3.902701132669246,1
1743636111,0.0,0.0,0.0,3
1743636242,6.3632242736385205,3.233602395290319,-2.799773780422767,3
1743636302,6.508815393623134,3.5871802789278036,-2.639576575882659,3
1743636362,7.039469010349889,4.17489131854585,-4.055008664232292,3
1743636422,6.966636940393519,3.0653791895283886,-3.4699333928571123,3
1743636483,7.334599101431778,0.8751274436526086,-4.110052255254172,3
1743636543,6.926727961335926,1.2796892319482294,-3.9188149485933184,3
1743636874,7.134404112391773,1.2852240016963854,-4.265245260232703,3
1743636934,6.760834546039243,1.309697373500567,-3.6754449623590197,3
1743636998,7.791328393057132,2.5928970735961063,-4.392110612905657,3
1743637058,5.97826058982633,3.0788307353685664,-4.169902832594559,3
1743637119,7.931043522356342,1.3308234574994942,-4.966307322499908,3
1743637189,7.0241721318943915,0.8324042286998635,-4.32821399813532,3
1743637286,6.807587779616904,1.1316671736305002,-3.9124781814397993,3
1743637475,7.859123241480659,1.2098402909156285,-5.108461492033445,3
1743637535,7.988383842792684,1.1492661265100808,-5.118768669423465,3
1743637595,7.883652583314245,1.0725134043791515,-5.073913969764289,3
1743637661,7.444278188246921,2.5576815138299875,-4.418039932160331,3
1743637721,7.135234060184094,1.8164334380092992,-4.083009035045565,3
1743637781,6.8844843725139375,1.3294030623452948,-4.04079734028302,3
1743637841,7.234462901938022,1.079369471945171,-4.460920345401631,3
1743637901,6.852560691894391,0.9606912359991322,-3.9598598623205845,3
1743637961,0.0,0.0,0.0,1
1743638018,8.412303630428417,1.1711519567542805,-5.366037655197836,3
1743638022,6.579120858561058,1.3953248126414688,-4.267518892972502,3
1743638082,6.624752203482524,1.2532082215152425,-4.247681225179194,3
1743638333,9.56143526625668,2.363439723789096,-4.9345828801734655,3
1743638393,8.098629940402244,1.5707014060606594,-4.126287661682488,3
1743638453,7.007274474503466,0.8104853660102164,-3.5626426828759263,3
1743638513,8.099091535917077,1.6377609405888833,-4.2773259823952765,3
1743638574,7.096135375777462,1.0056227023498803,-3.8801095730545203,3
1743638634,7.419344964049714,0.9915949238502435,-4.049497295003176,3
1743638694,7.500806317845526,1.5541705022505174,-4.356707095733149,3
1743638754,7.0396952660479695,1.6488928747043725,-4.525876731865321,3
1743638814,7.878493444416207,3.68145998900865,-4.697031896507937,3
1743638874,6.684558276161407,1.1624974560472856,-4.177517999261639,3
1743639010,7.227389666484269,1.7736270589822802,-4.0177580626734954,1
1743639015,7.431244067671005,1.468524711751035,-4.432238477683697,3
1743639070,7.982261780905637,1.7845637524463884,-4.610246789888025,1
1743639076,6.92637255392755,0.8149227245152022,-3.784381025266707,1
1743639136,6.968959644721616,0.867594793915592,-3.7077281706300087,1
1743639299,6.660966220655427,2.274701018020488,-4.9599585007362155,1
1743639359,6.498723901431913,2.611241788985719,-4.069590719205502,1
1743639419,6.830600289206782,0.9856050404092686,-3.9505961852380382,1
1743639479,6.844079121065421,1.0780628552141756,-3.965335054889445,1
1743639560,0.0,0.0,0.0,5
1743639637,6.861076564006084,1.0474711404589478,-3.518153279419708,1
1743639640,6.350182087417951,1.68450919143919,-4.3871824453698185,5
1743639697,6.959825694416207,1.307098821125436,-4.70919272653784,1
1743639700,6.428308058552332,1.3926198223865671,-3.8455334058334376,5
1743639775,6.243861195602943,1.8306043571058694,-4.129772389547828,5
1743639867,6.277292534206781,2.268475113401968,-4.420699697889257,5
1743639927,6.699519487697183,1.215859536530336,-4.268889066795655,5
1743639987,7.673557867147445,1.8340947855080567,-4.729349723075025,5
1743640048,6.7658570329676895,1.343878613994319,-5.1644652864321445,1
1743640106,7.0676617648176014,1.2464585918289948,-4.590343732558489,5
1743640108,6.927837918351634,0.806741688859605,-4.738535778733078,5
1743640168,6.989217377854252,0.907028193235347,-4.684788549135455,5
1743640235,6.9852123558909005,0.8031411523059314,-4.521389729423731,5
1743640295,7.231083531178858,0.9260548818125626,-4.471478964606106,5
1743640355,6.862441575123012,1.1791971923563764,-3.8303478036826384,5
1743640415,6.847599706196311,1.213275665242072,-3.8240951921273645,5
1743640476,5.851644187173624,1.819076033645023,-4.5170028557628825,5
1743640536,6.960502592278335,1.0628862816673426,-4.121018844271572,1
1743640591,6.832729580419696,1.1576013135777636,-3.919823791280889,5
1743640596,7.117813699110796,1.2376609505250615,-4.604858852389018,1
1743640651,7.0084286117809524,1.0601225670649799,-4.174864602928779,5
1743640657,6.894824754922315,1.0917456281724809,-4.002121962646606,5
1743640717,6.826461093063675,1.1465024119077212,-3.8293452443487412,5
1743640777,7.060341153089854,1.2786982585848325,-4.532760569446945,1
1743640834,6.900677512828072,1.166002565536338,-4.088244873259328,5
1743640838,6.815129965227723,1.0286903600867254,-4.555549157812216,1
1743640894,7.757271680576765,2.9539387294068593,-4.29149304779728,5
1743640898,6.778047282592471,1.2422854928875808,-3.830205189181071,5
1743640959,6.91033359905844,1.3076567024263108,-4.076354645334931,5
1743641106,6.831077249110796,1.0841371549046244,-4.120257544926696,5
1743641166,6.560173771588982,2.230906212114086,-4.0013765065256806,5
1743641226,6.993522359163152,2.707109286215053,-4.440496568489875,5
1743641286,6.842273792234706,2.4373846880570684,-4.1433747143134525,5
1743641346,6.912459143072402,2.678136161286708,-4.345555053680598,5
1743641407,7.2179869485523325,2.711242012167589,-4.176752576754343,5
1743641467,6.924121221074147,1.1817149987537485,-4.510919274586888,1
1743641489,6.7478600574615815,1.0734236317647918,-4.0498047444452645,5
1743641527,6.711890223037498,0.9806575141357163,-4.380827387011843,1
1743641576,6.865018083835804,0.733571288529902,-4.332668044070761,5
1743641587,7.449649837252158,4.135762551778551,-3.0381968294625494,1
1743641636,6.800592702522662,1.102873892016255,-3.9172223214461854,5
1743641647,6.7886522050183,1.2098292801004833,-4.120728455416103,1
1743641697,6.793105825218999,1.1795091654522618,-3.8562521061153,5
1743641708,5.74869174770591,2.419415037734143,-4.184915026107337,5
1743641768,6.285786849006086,2.212569534619533,-4.950374488179198,5
1743641828,6.56672497593453,1.2204547167191249,-4.861717231020672,5
1743641888,6.584209947801895,1.155784529078203,-4.926214796769846,5
1743642082,6.953128113473797,1.3009768079026753,-4.671836355043102,1
1743642128,6.312710456013065,1.3857050304730862,-3.9968079995207013,5
1743642142,6.8155880930549495,1.0491594654484393,-3.9321598610132398,1
1743642188,6.381490860550587,1.1939700360144194,-4.241299118419903,5
1743642202,6.475602714337672,1.3395366825539543,-4.704997284748073,1
1743642249,6.526567048351633,1.4019092801004815,-4.508864360682453,5
1743642262,6.635898652932785,1.22369923691632,-4.019344425209723,1
1743642310,6.241617138779208,1.4271974522256787,-3.989284067566558,5
1743642323,6.320408242095089,1.3572934571173354,-4.164160983025292,5
1743642383,6.756230740899627,1.3126849746776204,-4.838493026104441,5
1743642443,6.523226931466816,1.3412947427060544,-4.463509934643997,1
1743642471,6.399794556082873,1.4094480182057287,-4.523432113438606,1
1743642531,6.726498979503466,1.350973249221895,-4.78433533148995,5
1743642577,6.438715471274845,1.561492694324504,-4.938631519999934,1
1743642591,6.474150888744304,1.2207923817170214,-4.79341284326103,5
1743642637,6.94001031418933,1.461797103695086,-5.461407797108034,1
1743642651,6.259170940314985,1.0157820144605532,-4.630650521083108,5
1743642697,6.94950393445111,1.456721117911465,-5.372454250205419,1
1743642727,6.39713124971289,1.4537481978212758,-4.474618430081226,5
1743642757,6.298855270864723,2.4185928968696944,-4.4554722597177525,5
1743642817,6.680664414549278,1.2131648597389573,-4.160846393844844,1
1743642845,7.080159372103815,2.7164758196350105,-3.945404718671669,5
1743642878,6.730594117671005,1.1383433978824213,-4.409820327377227,1
1743642905,6.445913194093344,1.3794655685554056,-4.322221115007176,5
1743642938,6.849116011562804,1.017734599013618,-4.701845492302862,1
1743642986,6.524469007298752,0.8363833709410061,-4.300978456934267,5
1743642998,6.698974440576764,1.3303720140783941,-4.201694441712379,1
1743643047,6.9896203015603655,1.2398338838918659,-4.8062836745900075,5
1743643058,6.53084158039352,0.9560042990174386,-4.264239732880456,5
1743643118,7.186739093606869,1.2777058538154658,-4.723987125841525,1
1743643142,0.0,0.0,0.0,5
1743643178,7.258803911475543,3.0180400249317576,-3.89898852797236,5
1743643239,7.388105291362106,2.9828751516180407,-3.8818047660302493,5
1743643299,7.591455611309749,2.989778932716374,-4.075280960629205,5
1743643359,7.127423980419696,1.1576013135777634,-4.359059311885525,1
1743643379,6.0778818480374985,1.2645713827488552,-4.639962590839183,5
1743643419,5.981680472260884,1.4886047683108221,-4.641736419916858,5
1743643480,5.963802306545352,1.4055979031753472,-4.678702128625645,5
1743643540,5.982030778587236,1.4455010972747848,-4.743344114258054,5
1743643600,6.8843366857076544,1.1122697876099403,-3.9113024081348966,1
1743643641,6.173208038857743,1.4872944813081104,-4.288768690951752,5
1743643661,6.734094176187585,1.282074908563813,-3.8087449644832505,1
1743643702,6.0872384465977065,1.5164658009091327,-4.415268953507573,5
1743643721,6.67656592879666,1.3232480166770855,-3.9183553833410523,1
1743643762,6.2440450965977075,1.3923849249967257,-4.042385250748659,5
1743643781,6.66905048892755,1.393265790208633,-4.153390275861846,1
1743643822,6.189952873421442,1.4508890561542893,-4.169830327503557,5
1743643841,6.192462544634356,1.4251971541403037,-4.14758987596875,5
1743643927,6.580193168892646,2.1311372160503432,-4.00897115552984,5
1743643987,5.924390464616905,1.8845646918786751,-4.591055148085637,5
1743644047,9.253370504916413,1.4903518176477715,-5.7115573394243775,5
1743644107,6.463869107636102,1.7416186193445673,-3.128989962338564,5
1743644167,6.635793154869959,1.7505997742343133,-4.161384245121864,5
1743644228,6.414214895698929,1.677392534581317,-4.031596598847372,5
1743644288,6.921760398386538,1.5851806279813996,-3.63130253887179,5
1743644348,6.44371590301132,1.555091740451306,-4.520565566706966,5
1743644408,6.221882403381351,1.2957601319045196,-4.364278289130005,5
1743644468,6.79819761349125,1.918378905200801,-4.291734694662874,5
1743644528,6.798254677479034,1.8674832473110918,-4.904356238189871,5
1743644589,6.629114598168388,1.8708709081052226,-4.713121996658915,5
1743644649,7.137069584974671,1.8608730879500641,-5.059896101866981,5
1743644710,6.757147318817848,1.7363134351241265,-4.789658361438817,5
1743644770,7.261604964529644,2.4547854462639718,-4.031314142659186,5
1743644830,7.240569474748928,2.945541147720004,-4.277271894876105,5
1743644890,7.29299535497467,2.317238343424515,-4.347897038034091,5
1743644951,7.283420789974669,0.8030310441544435,-3.980248031389621,1
1743644992,6.030491101492996,1.538685625879516,-4.490911980552115,5
1743645011,7.268559200393936,0.5783695452167336,-4.000009526447795,1
1743645054,8.137646671536016,1.4652801915538378,-6.257788080261769,5
1743645071,7.1354492751840946,0.8763630730457941,-3.8315640231894648,1
1743645135,6.150628920341163,1.4655407808456957,-4.305876049537369,5
1743645136,7.124018326859487,1.0066540487021556,-4.202092818488578,5
1743645196,7.3855624543813025,0.7200388601058325,-3.9794384293035128,1
1743645213,7.271364583508702,1.128830053593814,-4.318954252320566,5
1743645256,7.271410091449365,1.1192689957728952,-4.323686047754958,5
1743645316,7.359112226039242,0.7713125559823191,-3.94014949538321,1
1743645330,7.2604476848081125,0.8861347389926462,-4.361241763066841,5
1743645377,7.295701069709263,0.6499253962769626,-3.9093973512658886,1
1743645390,7.253417240751828,0.9026271138408265,-4.411026543915096,5
1743645439,7.351987609711251,0.6666847914995024,-3.968217945869884,1
1743645450,6.904177492732089,1.3612757019295034,-5.120293587665712,5
1743645499,7.432543735565952,0.7832681952075289,-4.054472680932873,1
1743645510,6.749395622906608,1.3817264559326365,-5.084201532700661,5
1743645560,6.4832125154895035,1.3495895567848557,-4.762624359839571,5
1743645635,7.295963093224469,0.5948751799221111,-3.927386528283053,1
1743645659,6.870398101362105,1.130074275705634,-3.7891800562516806,5
1743645695,7.359688572378938,0.6502242228614231,-3.9845623018818968,1
1743645719,7.13906624805495,1.065983990995884,-4.498531319285727,5
1743645756,7.257789818116032,1.1248771709553755,-4.562690792203281,5
1743645816,7.234409261964199,1.1631948076733802,-4.518833147554931,5
1743645876,7.195678244675868,0.5348671204074398,-3.8064850318355834,1
1743645881,7.522635424674044,0.7965832465629311,-4.1793716028765715,1
1743645963,7.372195776449365,1.1192689957728954,-4.442512938350111,5
1743646005,7.221248809980042,0.5401205188053742,-3.8274646261422793,1
1743646023,7.188909060271354,1.2188728296094056,-4.890186915785357,5
1743646066,6.938150646606433,0.49287473276987426,-3.2066186556431613,1
1743646083,6.7346742583080035,1.3421168835705024,-4.3818100948838605,5
1743646126,7.141345031122578,1.2780767863428582,-4.515268434783957,3
1743646134,6.6743537450008485,1.3747676207585624,-4.1132426032741165,5
1743646186,7.325797688596082,0.9949935954595202,-5.005467509656645,3
1743646194,7.339808547454224,0.650258872961948,-4.0613330175042535,1
1743646197,9.147455170888128,0.6963617215163376,-3.9770794946363512,5
1743646246,6.248254275393519,1.0001686785794823,-3.4690296973807424,3
1743646254,6.986723236990377,0.23334247916800943,-3.522907586804785,1
1743646282,7.013111562304514,4.219290595497739,-4.856924018933496,3
1743646314,6.433171861650063,0.6956755964531409,-4.177774346951925,1
1743646343,6.422029299154426,1.377369843405409,-3.719372375427143,3
1743646469,6.471524661301022,1.2436324826074565,-3.989557917363429,1
1743646469,9.181891862062775,0.7169110107399312,-3.950573799677373,5
1743646519,5.782010277278336,2.1354497853169763,-4.0538591902818,1
1743646529,8.056944797775717,1.1455664926200675,-4.119429402749935,3
1743646529,5.801268469110797,3.4185400746126526,-3.919935528725457,1
1743646589,7.602102189660534,1.05896643147435,-4.303353474581931,3
1743646589,5.65613617814221,3.44215827310694,-4.2972849967774716,1
1743646649,7.733925425707655,3.8041938752011824,-4.3788949664547205,3
1743646649,6.569361379337672,1.1712914270795023,-4.63166627172415,1
1743646709,7.895201933770482,2.3750781554014333,-3.727728267065599,3
1743646709,7.849243646899214,2.0033348999339826,-4.185338580068359,3
1743646770,7.867469717915333,2.339223271005055,-3.6540973652521607,3
1743646830,8.019850908482523,2.1175682215152394,-4.744480183377423,3
1743646890,7.0126403061788585,1.3403588234184025,-4.575364364130121,3
1743646950,7.0853783991806045,1.301362186432887,-4.170358358957652,3
1743647010,6.206420450201548,2.1099634185191003,-3.7296271518060364,1
1743647023,8.001701257913451,1.2891475221610895,-5.059840653038679,3
1743647071,6.413050425236451,2.0618975401226467,-3.703591733184649,1
1743647083,6.441581117653554,1.9804688918251732,-4.766011276091233,1
1743647143,6.201894847095089,1.9040905374093076,-4.61267718145044,1
1743647203,6.4473377411265025,1.9150903417430098,-4.060171393152792,1
1743647264,6.786911417103815,1.2863911481021637,-3.625965215557873,3
1743647303,6.855788148238196,2.100714333794065,-4.104633002413504,1
1743647324,6.755181979398754,1.232287672732424,-3.6266132605410166,3
1743647363,8.578663603963008,2.5452613143420804,-5.201174732301343,1
1743647384,6.969208715533135,2.582892610249142,-4.093548996923403,1
1743647444,7.5678199137094,0.9512953404054464,-5.493238640977886,1
1743647504,0.0,0.0,0.0,1
1743647564,6.83989669674605,1.32690727757822,-3.725500001417762,3
1743647565,7.913974825494522,2.520371059482065,-4.743134038505119,1
1743647624,7.577042687479034,2.5888347801578053,-4.305488181886552,1
1743647684,7.278422384084008,2.8210198392016403,-3.999163554801874,1
1743647744,7.621821872191075,2.5500436783884024,-4.152045419497573,1
1743647804,7.524576748648318,2.4360523794240585,-3.7731163172636952,1
1743647864,6.836474787854253,1.2540340326514037,-3.7970542984606115,3
1743647909,7.539819314555822,2.532301584911885,-3.5987404731404746,1
1743647924,9.391609571759217,0.5774353795534155,-4.169667786271872,5
1743647940,6.836696152103815,1.286391148102162,-3.7276017970546302,3
1743647969,7.420605909599454,2.5941970471352955,-3.549982382776858,1
1743647984,6.23416536635338,3.404989431436134,-3.6672973717964696,1
1743648044,7.36696597945111,3.395747687254531,-5.005967758329161,1
1743648104,7.17762401355648,3.7202114135728728,-4.473325425507378,1
1743648164,6.829869882391773,1.2200289652000351,-3.763565244725839,3
1743648223,6.958108062269608,0.9739555979817829,-3.86749611929143,1
1743648224,6.805643568587236,1.0311971556689465,-3.860645869637895,3
1743648283,9.328934653037496,0.5411167842087102,-4.137862945099041,5
1743648309,6.935978616362105,1.0396424508881146,-3.610048391052776,1
1743648337,6.723018191983832,1.2990822503454458,-4.178133061075461,1
1743648508,6.763762680672752,1.261282819291065,-3.7894550156562268,3
1743648520,6.9578964110392425,0.9900313880991057,-3.98021917628697,1
1743648585,6.58701112314221,1.223423966537598,-4.378189155430121,3
1743648594,7.393898906414461,1.0958306405927054,-4.614757336668481,1
1743648651,6.333855759948493,2.7002935916379145,-3.2650265198354607,3
1743648654,7.5626212560217905,2.1581320645236115,-3.6915042889036096,1
1743648711,5.9301878356029425,2.6886551600255775,-4.247558616098442,3
1743648714,4.105886175903106,2.2510451536211478,-4.3584357097952395,1
1743648771,5.924110036126504,3.014993699407242,-4.183088285168589,3
1743648774,4.165905053561059,3.210270506072125,-3.729160763428519,1
1743648831,6.943027202409224,1.0340599676076467,-3.9727528842230386,3
1743648835,6.7082330529415115,2.841558679725964,-4.6741248162721085,1
1743648891,0.0,0.0,0.0,1
1743649307,0.0,0.0,0.0,3
1743649307,7.6913303688402905,2.3125954497034176,-4.292035783168897,1
1743649367,7.083381552671006,0.9427582883933702,-4.262081368423171,3
1743649369,7.064310310253902,1.0325991994645662,-4.213527820141291,1
1743649427,7.732454474562418,1.1113889223980309,-6.043542921784546,3
1743649429,6.803170286257393,2.1996208160044834,-3.542196302197512,1
1743649487,6.043250086824583,0.7602907300183184,-4.331670498501726,3
1743649489,7.187114920629121,1.3739418096224005,-4.246514289028357,1
1743649547,6.695324101039243,1.8333607311648,-3.4602699770814542,1
1743649607,0.0,0.0,0.0,1
1743650062,0.0,0.0,0.0,3
1743650062,6.111348920419697,2.314287444964623,-4.426596625976051,1
1743650122,7.04723709353488,3.696375973263625,-4.370811856150006,3
1743650123,6.419295407435404,1.2041109967665107,-4.638484302024668,1
1743650183,7.701731772068912,2.663594544746793,-4.237779925369816,3
1743650184,5.84991389840399,2.383446374914562,-4.945613342119982,1
1743650243,7.099368990105561,2.8288999125765013,-4.774126075933886,3
1743650244,0.0,0.0,0.0,5
1743650292,7.942158992260884,2.7231043303546194,-4.200700206097338,3
1743650304,0.0,0.0,0.0,1
1743650500,0.0,0.0,0.0,3
1743650500,5.950718083561058,2.3879718199407387,-3.6413957003844604,1
1743650560,7.532534646239941,1.9902134632319073,-4.443116909233234,3
1743650560,5.966312012697184,2.2926291715668334,-4.162320359009831,1
1743650620,7.581682191458091,2.238701869239475,-4.989566010460626,3
1743650621,5.7936200691893305,2.4439287825272036,-4.34487721005491,1
1743650680,6.894528923317321,3.618409376956178,-3.2643270975977603,3
1743650681,5.511048801152682,2.276520349004063,-3.7442525086586786,1
1743650740,6.715125077697184,3.3462650839755907,-4.808959869289278,3
1743650741,5.801223266885666,2.480605807788027,-3.6828190663390035,1
1743650800,6.846803710297532,2.7685349536587815,-4.333728339933675,3
1743650801,5.476825633116033,2.565477170955375,-3.615194927007838,1
1743650860,7.012829561562803,2.8053404384296745,-4.221401095693551,3
1743650862,6.416626012958963,1.5851292441773734,-5.099391865645071,1
1743650921,6.973665742278335,2.6507008802074874,-4.594140448446854,3
1743650922,6.527434572950237,0.6928274656013024,-4.55158137819042,1
1743650981,6.883097533308004,2.6712544018186763,-4.3751647983536825,3
1743650982,7.038309178028771,2.9211852246107415,-3.637162086921446,3
1743651042,6.843966224686712,3.0019018401952584,-4.055745762536969,3
1743651102,6.885195795376466,0.44701723404724675,-3.8774568136358045,1
1743651119,7.189037801449365,2.9804821344590247,-4.573581410001031,3
1743651162,6.765526467129994,1.6057598414946033,-4.1366276190726845,1
1743651179,7.07058747993104,3.3363186476244615,-4.45695754564684,3
1743651223,6.5249495686134145,1.6155521264336488,-4.671690509020898,1
1743651240,6.882534641135229,3.3037156239687127,-4.0313032175765775,3
1743651284,6.870886285393519,1.4943891165356857,-3.714309512475835,1
1743651300,6.988134655725107,3.1828902790686473,-4.3280044168579135,3
1743651345,6.629028831859487,1.5471419319138333,-4.585751120630299,1
1743651360,6.918186941938021,2.7870588150108646,-4.368353308105398,3
1743651405,6.384999592653554,1.784883782336122,-4.770579198093776,1
1743651420,6.673742113037498,2.6610070031868123,-4.944642975255549,3
1743651465,6.642145154974671,1.602196007658093,-4.226507938103007,1
1743651480,6.833844254189331,3.144249658439611,-4.432826581239039,3
1743651526,6.863486004198056,1.3929978603733435,-4.1439112705780055,1
1743651541,6.834162242016555,3.1563065010276032,-4.237629741330181,3
1743651586,6.316162560864724,1.7897762545339286,-4.978039793886236,1
1743651601,7.835774738718126,2.3882911335800543,-4.067588176522383,3
1743651646,6.538765700786189,1.084038057568286,-3.809675886069773,1
1743651661,8.186576787173621,2.2985750117472117,-4.307444496000139,3
1743651707,7.032649029643082,1.661342436366007,-4.474100451337976,1
1743651721,6.78414633366577,3.150195498619991,-3.4659668806785793,3
1743651767,4.0015422947914265,3.759919387487649,-3.649923351867626,1
1743651781,8.203902790005595,2.2031601540883297,-4.906694161112027,3
1743651827,5.743580070454601,2.6510825884659814,-3.2151936282727496,1
1743651841,7.797945472548841,2.2235106146057744,-4.027078119503884,3
1743651888,5.370794865341163,3.0870044304807327,-4.397052076834722,1
1743651901,7.804244313089853,2.4984763607746148,-4.011953111537155,3
1743651948,5.699828928465073,2.6736767811514244,-3.2703923922577323,1
1743651961,8.174479466335926,1.8622384290285199,-3.6918948717715456,3
1743652008,5.371868702886076,2.142146482706086,-4.766475974873572,1
1743652022,7.602280290794915,2.514724653662601,-4.379180005323324,3
1743652068,5.353769375184095,2.1255840949436045,-4.999695423593209,1
1743652082,6.481702516597708,2.0821904724419817,-4.5541148951523995,3
1743652128,5.313519165184094,2.1192748978633125,-4.350423275638004,1
1743652142,9.303149693696733,2.669727568784701,-4.564362043908504,3
1743652189,6.7493629550183005,1.4264450465238392,-4.037538586489,1
1743652202,7.290432751301023,2.129023139541763,-3.5586628409926773,3
1743652249,6.204424704267864,1.6249443517556208,-4.1590120016243475,1
1743652262,7.440018828430168,2.1749455792559074,-3.8402707809760015,3
1743652309,6.635325340227725,1.0286903600867243,-4.301250506566465,1
1743652322,9.046462652932759,1.9084434796648175,-5.139220513771965,3
1743652369,6.8222534690497145,1.1724585734852793,-4.1365065081719905,1
1743652382,7.350108047609924,2.339186568287893,-4.204278745082178,3
1743652429,6.937539678482524,1.017664863851009,-4.2563055573498145,1
1743652442,7.406223355811756,2.2167463038326654,-4.287655975535015,3
1743652489,6.9730023832469215,1.3652432656548057,-4.077102089523421,1
1743652502,6.648878583246922,1.9541016598153889,-4.316998017374422,3
1743652551,7.298605933770482,1.4329047247444988,-4.367228398124054,1
1743652562,5.463552265634404,4.5683334357163305,-9.530654105433634,3
1743652611,6.9702605079851425,4.6174526820953625,-4.258106447170734,1
1743652622,5.654195915210273,2.8108862189929797,-3.704009853597764,3
1743652672,5.926631848613415,2.927865119134379,-4.4529682327793,1
1743652682,7.402387057377201,2.172890227094787,-4.380251073170957,3
1743652732,6.233485769459836,0.8894953052466582,-3.471315382834764,1
1743652786,7.3623408615715284,2.3558863045969853,-4.0192990174921235,3
1743652792,7.439270497950237,2.593998852462616,-3.3238789024440307,3
1743652852,7.411193513587237,2.35402547683683,-3.5138345520776895,3
1743652912,6.174040930253902,1.1083095644280716,-3.4872119444134384,1
1743652944,6.142070842016555,0.24566358131957522,-4.577440777814042,3
1743652973,6.178614810210273,1.0274865109637823,-3.5290388556877126,1
1743653017,6.339782710646573,1.4424437609351204,-4.546955124909839,3
1743653033,6.69223053062912,2.057438159987362,-4.078034407956942,3
1743653093,6.235140214752011,0.496018815053052,-3.6106011664746536,1
1743653098,6.652519611562803,2.0945042340501137,-3.694653876672088,3
1743653153,6.6041497891893295,1.4617971036950859,-4.142858074502307,3
1743653213,6.309689182958963,0.5693485142503669,-3.7025816515338303,1
1743653236,6.825803228177113,1.19007954799516,-4.481042346009603,3
1743653273,6.374691953894461,0.5351036431102377,-3.6605734594894646,1
1743653296,7.979276511419058,1.2340494031562372,-5.563075539594177,3
1743653414,6.408712250029322,0.5506011710012342,-3.552949980570217,1
1743653425,6.700892857950238,1.7801124291049522,-4.529322445422688,3
1743653474,6.5819072372696095,2.2042490286387175,-4.070354670239031,3
1743653534,6.461971740960708,0.5156304174108343,-3.6903332422342556,1
1743653580,6.707583547191076,2.3649738973665047,-3.4738173518708755,3
1743653595,6.192045373953729,2.112216965352899,-4.183180452159631,3
1743653655,6.14423137735687,2.3932349895818894,-4.048146017848304,3
1743653715,6.36363346602179,0.6544400937206911,-3.479219361934762,1
1743653726,6.221809139398755,2.485714826017096,-4.499582492079845,3
1743653776,6.594990251611383,1.9476867076373754,-5.212607325549669,3
1743653836,6.391951708788725,0.5124930829141645,-3.682147301786224,1
1743653878,6.7827194631945655,1.3006428131764955,-4.15544711455099,3
1743653896,6.5505014649659445,1.62262474003093,-4.482312322813935,3
1743653956,6.630994093587235,1.613746352749239,-4.654588731885259,3
1743654016,0.0,0.0,0.0,5
1743654045,6.818714217801895,0.9475810254285677,-3.6397784760266942,3
1743654077,6.3644604178018955,0.46808204732637876,-3.681871565527608,1
1743654219,6.886272397845525,0.9211477285278904,-3.809153434386214,3
1743654234,6.3773704178717034,1.074374232139309,-3.4371433341022337,1
1743654279,6.877764369520919,1.2323023538192877,-3.53939712065368,3
1743654294,6.252382771492995,2.0223907353685684,-3.6627719832279007,1
1743654340,6.802394816972925,1.2416101628917835,-3.5445802741241748,3
1743654354,6.473719393107307,1.6142895529632482,-4.4888449629513705,1
1743654400,6.895857121335927,1.1219593049409307,-3.7755246540529184,3
1743654415,6.097648226431914,1.6753775554090773,-3.53498980686196,1
1743654460,6.920631845131739,1.2470972191076275,-3.6658342052893245,3
1743654500,6.261298379765247,1.4174014970149156,-3.8927705987546624,1
1743654520,6.776764570096835,1.2362772580880237,-3.6198601610198935,3
1743654560,7.0940988517291865,0.8540946232679146,-4.908043015521718,1
1743654580,7.182051878351634,1.1621597910493855,-4.022081869093391,1
1743654640,6.584492673526154,1.4496998881182137,-4.617784311478963,3
1743654677,6.905838978037498,1.2140978061065206,-4.753525114105681,1
1743654700,6.878479097496485,1.0232546876749067,-3.781919116399851,3
1743654737,7.239993234773972,1.0457607938391613,-4.217851835210485,1
1743654760,7.161736172819347,1.0560412249164723,-4.298970381213978,3
1743654797,7.097336968840289,1.0318284424041482,-4.061143481605302,1
1743654843,8.061618326885952,1.7961148137879495,-5.900466293855082,3
1743654857,6.851955881754776,2.536771975862319,-3.9410954222570895,3
1743654917,6.805093822182349,2.652491972805033,-4.221186428068789,3
1743654977,7.145956473456346,0.9906223018454273,-4.133473003184745,1
1743655005,6.531317946335928,1.593046020269396,-4.175478110117954,3
1743655037,7.194494474311494,0.9633852154388849,-4.1602789480301805,1
1743655086,6.787711701754775,1.5525372313367702,-4.345465793755194,3
1743655097,6.663085262644827,1.534017040256404,-4.106073136349285,3
1743655157,6.757771477304513,1.7103332232349635,-4.184021542045594,3
1743655218,6.8427709730374975,1.7104213097561545,-4.423767426127797,3
1743655278,6.552823295821093,1.7005409382959196,-4.451151511790691,3
1743655338,6.603106015219,1.7284093114376615,-4.504217314741728,3
1743655398,6.744955375576764,1.6395226710127002,-4.412082544917064,3
1743655458,6.72296002523645,1.6581089269839617,-4.367417025237817,3
